seed,edge_avg_wait,cloud_avg_wait,coord_avg_wait,edge_avg_delay,cloud_avg_delay,coord_avg_delay,edge_E_avg_delay,edge_E_avg_response,edge_C_avg_delay,edge_C_avg_response,edge_L,edge_Lq,cloud_L,cloud_Lq,coord_L,coord_Lq,edge_utilization,coord_utilization,cloud_avg_busy_servers,edge_E_utilization,edge_C_utilization,edge_E_L,edge_E_Lq,edge_C_L,edge_C_Lq,edge_throughput,cloud_throughput,coord_throughput,edge_service_time_mean,cloud_service_time_mean,coord_service_time_mean,count_E,count_E_P1,count_E_P2,count_E_P3,count_E_P4,count_C,E_utilization,C_utilization
123456789,1.7823968549955087,0.7902281024851635,0.6802831975937984,1.3961251302533546,1.5312003060279107e-15,0.24289413877934876,1.3928075274508154,1.8930919411962013,1.4044534876233024,1.5045130057673564,3.4410908080972638,2.695355604563451,0.43460356575273085,8.421177515562941e-16,0.5650791733769853,0.20176070737161536,0.7457352035338123,0.36331846600537,0.43460356575273085,0.6907052403672945,0.05502996316651791,2.6136503324022846,1.9229450920349904,0.8274404756949634,0.7724105125284454,1.930597441559071,0.5499722983603845,0.8306528448383019,0.38627172474215404,0.7902281024851621,0.4373890588144496,71769,24144,29719,11966,5940,47518,0.6907052403672945,0.05502996316651791
1154602466,1.8566334731114467,0.8002725066108304,0.6867368142792354,1.4696152181847517,-2.116290416108864e-15,0.24785496168026705,1.4623042253133116,1.9641505113902469,1.4878731823073423,1.588127914154581,3.6173664584722323,2.8633205606342984,0.44582824158310574,-1.178975945192399e-15,0.5728456579940361,0.20674971205648418,0.7540458978379339,0.36609594593755185,0.44582824158310574,0.6981944341919689,0.055851463645965084,2.732627485775085,2.034433051583116,0.8847389726970789,0.8288875090511137,1.9483471082798343,0.5570955367081109,0.8341560348636125,0.38701825492669495,0.8002725066108325,0.43888185259896834,72071,23939,30124,11862,6146,48133,0.6981944341919689,0.055851463645965084
1644176842,1.8465335962324083,0.8000902640215135,0.6892600596024729,1.460946662430182,-4.8495270595044804e-15,0.25000059843024325,1.456911996296907,1.9571772371606508,1.4710051335893002,1.5706976696741795,3.583978390038136,2.835584079180273,0.44457708555062564,-2.6946817170061525e-15,0.5718136332750298,0.2074017615234762,0.7483943108578629,0.36441187175155354,0.44457708555062564,0.692999289649883,0.05539502120797506,2.7112066245687263,2.018207334918843,0.8727717654693642,0.8173767442613891,1.9409223841638945,0.5556586619565108,0.8296050602508728,0.38558693380222636,0.8000902640215183,0.4392594611722297,71681,23813,29991,11866,6011,48011,0.692999289649883,0.05539502120797506
1057233239,1.792305854403002,0.7973457721154557,0.6838170619511756,1.4057331108619149,-6.839877428779673e-15,0.24661828701485689,1.3957862815238635,1.896924631416811,1.4306223141307022,1.530526153721014,3.477714067630222,2.7276247538712988,0.44175799962225654,-3.78953607866075e-15,0.5691314607195165,0.2052569813458852,0.7500893137589231,0.3638744793736313,0.44175799962225654,0.6947390229874433,0.05535029077147782,2.629747983551554,1.9350089605641105,0.8479660840785633,0.7926157933070854,1.9403574780982968,0.5540356706855278,0.8322861367272412,0.38657274354108695,0.7973457721154625,0.43719877493631876,71910,23972,29838,12075,6025,47869,0.6947390229874433,0.05535029077147782
1136349235,1.7941688248797343,0.8069792803677244,0.677310766643265,1.4075707089508809,1.9058584308227578e-14,0.2429360146983236,1.4025552962389898,1.9036133477623287,1.420124637682841,1.5202215309460874,3.4714465196820146,2.7234373772609817,0.4457185923336265,1.0526621409491508e-14,0.5622966953587926,0.20168307514953449,0.7480091424210328,0.3606136202092581,0.4457185923336265,0.6927226593010065,0.05528648312002923,2.631783076898405,1.9390604175973982,0.8396634427835569,0.7843769596635277,1.9348494252845523,0.5523296609679016,0.830190103348749,0.3865981159288534,0.8069792803677054,0.4343747519449414,71728,23927,29936,11878,5987,47721,0.6927226593010065,0.05528648312002923
948426651,1.7904945745714085,0.7975709596228175,0.6772161935469814,1.4044957155772684,8.225551881378072e-15,0.24225695389418542,1.3988453345639917,1.8990689859524426,1.4186133876039608,1.5192176594796627,3.4630343648125557,2.716465605286928,0.440927271141628,4.547394938257425e-15,0.5610372729518333,0.2006968853691222,0.746568759525628,0.3603403875827111,0.440927271141628,0.6909509282491173,0.05561783127650699,2.6231536134103823,1.9322026851612648,0.8398807514021411,0.784262920125634,1.9341216745331407,0.5528376702057315,0.8284463341216777,0.3859988589941401,0.7975709596228093,0.434959239652796,71579,23750,29844,12020,5965,47766,0.6909509282491173,0.05561783127650699
1549932320,1.7196703955112795,0.7979730493790427,0.6793301977903724,1.3334502599701228,-2.4520361822974243e-15,0.2426939299571144,1.3291554466750939,1.8298161007921396,1.3442111296612727,1.443694817496932,3.312580964578503,2.568609635845948,0.4384835832087472,-1.3473858699964122e-15,0.5620063647037191,0.2007794350295404,0.743971328732555,0.36122692967417874,0.4384835832087472,0.6893053673358012,0.05466596139674838,2.519275379723806,1.829970012388005,0.7933055848547291,0.7386396234579806,1.9262883010750622,0.5494967324397249,0.8272948361956125,0.38622013554115675,0.7979730493790451,0.43663626783325804,71479,23716,29967,11803,5993,47477,0.6893053673358012,0.05466596139674838
1830482090,1.7795342924285487,0.7974024267032462,0.6810605631399604,1.3934712215571177,-1.4659725291447706e-14,0.24417208529315007,1.3852934697100945,1.8860103870988318,1.4139136274061834,1.5133697546444425,3.434467649127565,2.6893731976903443,0.4397365115954737,-8.084269930380073e-15,0.5632770801316334,0.2019446532324225,0.7450944514372208,0.36133242689921086,0.4397365115954737,0.6902482546061464,0.054846196831080656,2.5999029244968606,1.9096546698907142,0.8345647246306981,0.7797185277996174,1.9299811550360808,0.5514612156543159,0.827058723727449,0.38606307087143105,0.7974024267032609,0.43688847784681034,71459,23966,29647,11896,5950,47647,0.6902482546061464,0.054846196831080656
1097927660,1.7685656252330615,0.7993496366958519,0.681569454111567,1.38248681176429,-1.8600465281301935e-14,0.24268909639436176,1.3800987876363546,1.881037525538304,1.3884328498935838,1.4885172790455437,3.4371237445152065,2.6867978091386777,0.4451360220621641,-1.0358092058499966e-14,0.5655031380681532,0.201360910114189,0.7503259353765286,0.3641422279539642,0.4451360220621641,0.6945916451262449,0.055734290250284285,2.6082090494338814,1.9136174043076364,0.8289146950813496,0.7731804048310653,1.9434527593864448,0.5568727395713272,0.8297072802437904,0.38607881346877154,0.7993496366958704,0.4388803577172053,71687,24158,29630,11973,5926,48114,0.6945916451262449,0.055734290250284285
2109110125,1.81642164815472,0.7963130385909882,0.6839654496238778,1.4310216677195635,-1.0619399783007856e-15,0.2453577633777547,1.4266508545649776,1.9266061842155975,1.4419055492949489,1.5420481163848072,3.5190154792201302,2.772366980387149,0.44202522623706003,-5.894720247067114e-16,0.5657450872142763,0.20294877368028041,0.746648498832981,0.36279631353399594,0.44202522623706003,0.6910603836965248,0.055588115136453016,2.6630403356766736,1.9719799519801486,0.8559751435434308,0.8003870284069778,1.937334034085673,0.5550897760247504,0.8271544820361723,0.3853999804351564,0.7963130385909893,0.4386076862461231,71468,23805,29756,11977,5930,47961,0.6910603836965248,0.055588115136453016
219975467,1.7964363058576498,0.7956841851674222,0.6921035507688085,1.409681745350967,6.562616466205633e-15,0.25339953904801377,1.4067864233075054,1.9078842963547138,1.4169487158117542,1.5167129304556668,3.479145091139646,2.730120354623705,0.4390425669420772,3.621120078656594e-15,0.5766141961547049,0.21111547737594447,0.749024736515941,0.36549871877876045,0.4390425669420772,0.693976844773556,0.055047891742384704,2.6422533309226877,1.9482764861491313,0.8368917602168778,0.7818438684744932,1.9366927064406225,0.5517799337053519,0.8331328390299187,0.38675456050668283,0.7956841851674157,0.4387040117207947,71983,24051,29896,12073,5963,47674,0.693976844773556,0.055047891742384704
1886822367,1.740391534434904,0.803986771111987,0.6864954869977746,1.3546749149245298,-7.774436168517802e-15,0.24601209346371028,1.348647901811386,1.8485016734497102,1.369758863205325,1.4698217322978562,3.367655214644491,2.6212940887896,0.4441438848893883,-4.2948073361136244e-15,0.569890730688367,0.2042256859041277,0.7463611258548912,0.3656650447842394,0.4441438848893883,0.6910837095978284,0.05527741625707008,2.5556862149871886,1.8646025053893605,0.8119689996574462,0.7566915834003761,1.9349986184217747,0.552426856818921,0.8301449047839327,0.3857166195103741,0.8039867711119948,0.44048339353406435,71725,23844,29798,12071,6012,47730,0.6910837095978284,0.05527741625707008
1403933718,1.7464506643086954,0.8000768712949606,0.6830638588631762,1.3612650774826427,8.862311344925e-15,0.24722124615051472,1.3580627622857024,1.856921659892972,1.3692851897458882,1.4697790277134037,3.373095993929899,2.6291482910860915,0.4409418953459238,4.884236130025881e-15,0.5663636635530144,0.20498395407858014,0.7439477028438076,0.3613797094744342,0.4409418953459238,0.6885630954719477,0.05538460737186618,2.5630648913300647,1.8745017958581167,0.8100311025997776,0.7546464952279114,1.9314006761622926,0.5511244121233494,0.8291518519155938,0.3851855868260527,0.8000768712949519,0.4358426127126615,71640,23923,29903,11896,5918,47618,0.6885630954719477,0.05538460737186618
327679533,1.774277242270837,0.8001480702569265,0.6773162510093511,1.3891658639112747,7.001381688821805e-15,0.24201271316621256,1.3860979505142128,1.8853018736101037,1.3968215926589649,1.4972242906959299,3.4313163464596497,2.686540425149005,0.4427009177888279,3.873680653177175e-15,0.5603951787880054,0.2002354992393022,0.7447759213106446,0.36015967954870315,0.4427009177888279,0.6892257447599883,0.05555017655065605,2.602941459029212,1.9137157142692238,0.8283748874305021,0.7728247108798462,1.9339234391960214,0.5532737430044382,0.8273759531871449,0.38511137835956216,0.8001480702569195,0.4353035378431385,71487,23778,29804,11921,5984,47804,0.6892257447599883,0.05555017655065605
984429999,1.7784387393021024,0.7957017828515291,0.6890751584376629,1.3920257157081104,1.4541009471263405e-14,0.24915164633940712,1.388972062214195,1.8904524740047248,1.3996158589312557,1.500018056980019,3.4463358698415347,2.6975279214111665,0.4423766596311069,8.08418849397257e-15,0.5691262856936716,0.20578125523652563,0.7488079484303682,0.363345030457146,0.4423766596311069,0.6929885573599278,0.05581939107043617,2.61238904235657,1.9194004849966422,0.8339468274849661,0.77812743641453,1.9378434543064167,0.5559578590433426,0.8259277362197314,0.38641302359399193,0.7957017828515146,0.4399235120982558,71362,23908,29432,12091,5931,48036,0.6929885573599278,0.05581939107043617
250642468,1.7644947609392703,0.7963005712652198,0.691138165840363,1.3796303735896078,-1.1367499657613934e-14,0.25124654857143575,1.3789503887413086,1.878443806858092,1.38132290623339,1.4808671471753474,3.4206283763992067,2.6745348919770895,0.4424379393122719,-6.3159732708172885e-15,0.5718162675452788,0.2078699610852278,0.7460934844221171,0.363946306460051,0.4424379393122719,0.6907850363033528,0.05530844811876318,2.597833777683315,1.9070487413799624,0.8227945987160195,0.7674861505972562,1.9385880038421586,0.5556167548759818,0.8273544940901949,0.38486438734966233,0.7963005712652311,0.43989161726892734,71483,23632,30013,11946,5892,48005,0.6907850363033528,0.05530844811876318
1872043059,1.767841579432789,0.7930789761414473,0.6825457242682987,1.382917851550638,2.238567479392212e-14,0.24471786690733954,1.3789188152749952,1.876823881447506,1.3929726628242556,1.4938264409281747,3.412133566594607,2.669187372905225,0.4355712653629073,1.2294559544914936e-14,0.5676608219776006,0.2035273836491272,0.7429461936893821,0.3641334383284734,0.4355712653629073,0.6875557356557026,0.05539045803367642,2.5917009329198817,1.9041451972641792,0.8204326336745628,0.7650421756408863,1.9301127466915833,0.5492154986658255,0.8316817493599322,0.38492372788215107,0.7930789761414249,0.4378278573609592,71860,24150,29835,11938,5937,47454,0.6875557356557026,0.05539045803367642
19311448,1.8143968615762034,0.7999624712404445,0.67832476098685,1.4288086973272305,8.753077900602674e-15,0.243321029868011,1.4218079533664245,1.9209202617859336,1.4464360744616271,1.546178489405317,3.500305135944876,2.7564346739403587,0.43868839589283226,4.800067304890153e-15,0.5646452753789986,0.20254320322236924,0.7438704620045172,0.3621020721566293,0.43868839589283226,0.6891730960814904,0.054697365923023315,2.6524021584095494,1.963229062328059,0.8479029775352394,0.793205611612216,1.92918385722079,0.5483862201842914,0.8324114168522071,0.38558816424897296,0.7999624712404357,0.435003731118839,71921,23955,30208,11721,6037,47381,0.6891730960814904,0.054697365923023315
2128538054,1.6990935366309154,0.7982121796743613,0.6816006570505162,1.3149427504299818,-1.2104908063358858e-15,0.24381806290059022,1.3106481260000213,1.8092958348905521,1.3255855346123513,1.4259941548542692,3.2890355427983367,2.54541221520089,0.4442419411063912,-6.73694036737795e-16,0.5607300943868343,0.2005809765722254,0.7436233275974469,0.3601491178146089,0.4442419411063912,0.6877412933515199,0.05588203424593375,2.49540394021206,1.8076626468605397,0.7936316025862515,0.7377495683403178,1.935758963170487,0.5565461821036409,0.8226665989632053,0.3841507862009337,0.7982121796743625,0.43778259414992604,71079,23657,29570,11902,5950,48086,0.6877412933515199,0.05588203424593375
1240621748,1.8169200626967648,0.8024640970518393,0.665977661587847,1.4304633494268981,-1.3632196379309442e-15,0.23151535946858606,1.4278715553294785,1.9294081732330608,1.4369126197339441,1.537011164112395,3.523726942011807,2.774234457213573,0.44614185719913746,-7.579022454353594e-16,0.551073823380236,0.1915710716323696,0.7494924847982337,0.35950275174786644,0.44614185719913746,0.693841209362982,0.055651275435251564,2.669202711193078,1.9753615018300963,0.8545242308187829,0.7988729553835313,1.9393956918400215,0.5559648822149318,0.8274659274101577,0.38645671326986664,0.8024640970518406,0.43446230211926096,71494,23823,29703,11978,5990,48036,0.693841209362982,0.055651275435251564
1554553331,1.7668287640200888,0.8005501612074502,0.6807424134087902,1.3826200795334436,-3.661933958402932e-15,0.24143233010077392,1.3719749660049696,1.869626796018223,1.4092663483823415,1.5095103248669826,3.4160691740440243,2.6732221759633927,0.4418374862954622,-2.0210847159413272e-15,0.564752111704676,0.2002951712314035,0.7428469980806315,0.36445694047327254,0.4418374862954622,0.6875206128864405,0.05532638519419116,2.582944305927957,1.895423693041517,0.8331248681160932,0.777798482921902,1.933446660824899,0.5519173035066904,0.8296120538115183,0.38420868448664525,0.8005501612074538,0.43931008330801624,71679,23846,29674,12171,5988,47686,0.6875206128864405,0.05532638519419116
1177701948,1.8145642111082574,0.8018107768838796,0.690888167323422,1.4278635663062558,2.354876786566869e-14,0.2522268559658867,1.4197354551141723,1.9207027203299423,1.4482422658329128,1.5484550577598382,3.504702148017956,2.757817263933439,0.44156197478406295,1.2968446848404049e-14,0.5734490565635777,0.20935262671234298,0.7468848840845173,0.36409642985123475,0.44156197478406295,0.6916971021568973,0.055187781927612985,2.651958716673589,1.9602616145166916,0.8527434313443074,0.7975556494166944,1.931429114805166,0.5507059614490704,0.8300171919070254,0.3867006448020018,0.801810776883856,0.4386613113575353,71715,23891,29871,12064,5889,47582,0.6916971021568973,0.055187781927612985
1005908608,1.722674707032697,0.8025969905590655,0.6929090486248888,1.3391757544622946,3.5018629180174686e-15,0.2537957527120055,1.3346063385932136,1.8321008169151944,1.3505692699326972,1.4498284370662833,3.3285861011227866,2.587581848776287,0.44391731503836784,1.9368843921479117e-15,0.5723549751116709,0.2096397240232403,0.7410042523464996,0.3627152510884306,0.44391731503836784,0.6861038932806269,0.05490035906587854,2.5266843314682728,1.840580438187646,0.8019017696545587,0.7470014105886802,1.932219755438488,0.5531011457308705,0.8260174639767467,0.3834989525704026,0.8025969905590621,0.43911329591288334,71368,23848,29716,11816,5988,47788,0.6861038932806269,0.05490035906587854
1520611747,1.818813247371779,0.8012262069265089,0.6860586316464989,1.4317210093706028,2.7579598006886448e-15,0.24879921005760522,1.4275285367984019,1.9287564096589254,1.4422631527970187,1.5423566777338678,3.5132787822017755,2.765558834323836,0.44036323964198004,1.5158067748338135e-15,0.5710815483064048,0.20710276285878532,0.7477199478779393,0.36397878544761947,0.44036323964198004,0.6927073827279999,0.05501256514993054,2.665581618256243,1.972874235528243,0.8476971639453945,0.792684598795464,1.931632501180939,0.5496116275717022,0.8324092460375344,0.3870922380011762,0.8012262069265061,0.43725942158889375,71921,24102,29803,12101,5915,47487,0.6927073827279999,0.05501256514993054
501412132,1.7665618723207612,0.8048468146991158,0.6843711872854233,1.3802514202588891,1.8309285836853043e-15,0.24756190952820997,1.3782455351238052,1.8792307768827945,1.385253997758591,1.4855712427852463,3.406590021677279,2.6616394191066712,0.4442091954016656,1.0105218758936261e-15,0.5642897130625735,0.20412407986812953,0.744950602570608,0.36016563319444395,0.4442091954016656,0.6895837403499248,0.05536686222068402,2.5866769718676648,1.8970932315177398,0.8199130498095909,0.7645461875889069,1.9283728891997347,0.5519176907816041,0.8245375076365266,0.3863104520618721,0.8048468146991139,0.43680927775721334,71242,23659,29806,11885,5892,47687,0.6895837403499248,0.05536686222068402
827517338,1.7952443855268891,0.797115503896466,0.6934108705968599,1.410131575167968,1.684776467393371e-14,0.25117554910136186,1.405631559023231,1.90526002917167,1.4213278729251067,1.5215191666456191,3.474059563831043,2.728810141096546,0.4422331922912131,9.34700268443476e-15,0.5724536953580621,0.20736099960893248,0.7452494227344971,0.36509269574912967,0.4422331922912131,0.6896641086298047,0.05558531410469683,2.629933116774332,1.940269008144527,0.8441264470567295,0.7885411329520327,1.9351457616793692,0.5547918590586753,0.8255620435620187,0.38511281035892125,0.7971155038964491,0.442235321495498,71333,23761,29721,11916,5935,47937,0.6896641086298047,0.05558531410469683
1662593328,1.8145818476979532,0.8024289632398937,0.6823924769610007,1.4272406494734504,-4.7388424909067e-15,0.24457593926034255,1.4191876112288946,1.920955469613794,1.44744642068491,1.5476812069579111,3.507733633505654,2.75897173534264,0.44204098842601175,-2.610527180147824e-15,0.5672890089835141,0.20332176407059258,0.7487618981630142,0.36396724491292154,0.44204098842601175,0.6935446938638425,0.055217204299168834,2.6551490910312694,1.9616043971674268,0.8525845424743328,0.7973673381751639,1.9330809673620932,0.5508786555276165,0.8313236563068604,0.3873411982245028,0.8024289632398984,0.43781653770065815,71828,23947,29943,11965,5973,47597,0.6935446938638425,0.055217204299168834
966661766,1.7318955697614105,0.8010787948445213,0.6857769914280772,1.3450170474062086,-3.2167942406116305e-14,0.24759308132499966,1.3415338695246066,1.8425974315721783,1.3537531755454426,1.4542451933182052,3.3241640775845505,2.581597545943545,0.43829356961029986,-1.7600019367547586e-14,0.5658488108895303,0.20429418368277122,0.7425665316410055,0.3615546272067591,0.43829356961029986,0.6875844181829741,0.05498211345803304,2.5285041238195523,1.8409197056365783,0.7956599537649289,0.740677840306896,1.9193790524231746,0.5471291618639922,0.8251207286951903,0.386878522355202,0.8010787948445535,0.43818391010307756,71292,23658,29788,11939,5907,47273,0.6875844181829741,0.05498211345803304
1281039336,1.7645031393851298,0.7995759408900399,0.6757430557610768,1.3794493227321978,8.802969223860295e-15,0.23975780216599832,1.3715800429709288,1.871371850233657,1.3989418729275223,1.4997846678457063,3.4041359041444537,2.661277762926942,0.4436433930987782,4.884312966533568e-15,0.553795278925255,0.19648997913190713,0.7428581412175115,0.35730529979334785,0.4436433930987782,0.6869056826464429,0.05595245857106146,2.5719828528408732,1.8850771701944302,0.8321530513035994,0.776200592732538,1.9292319906728423,0.5548483519963607,0.8195352866801209,0.38505381665293187,0.7995759408900311,0.4359852535950785,70808,23498,29543,11907,5860,47939,0.6869056826464429,0.05595245857106146
1682409521,1.8241910896314013,0.7939756728544164,0.6822413317266826,1.437537781233558,1.1839957730713856e-14,0.24458287448189872,1.434146896828568,1.935986235169402,1.4459911167639132,1.5454903841453782,3.5349827119994326,2.7857121073502555,0.4404845517862656,6.568612430444207e-15,0.5650792639032893,0.2025803835803819,0.749270604649177,0.3624988803229074,0.4404845517862656,0.6940700592243724,0.05520054542480014,2.6775702465735947,1.9835001873492224,0.8574124654258589,0.8022119200010588,1.937835752017469,0.5547834358736492,0.8282688802701705,0.38665330839784334,0.7939756728544046,0.4376584572447838,71562,23886,29529,12070,6077,47933,0.6940700592243724,0.05520054542480014
850148997,1.749091591950376,0.7991366263263475,0.684021285580863,1.363266267333274,2.2258615428005333e-14,0.24796197579392523,1.359358925974188,1.859026861252792,1.373078229819584,1.4730264522092718,3.3689910776858447,2.625838413661639,0.43838695688054574,1.2210536171661772e-14,0.5670441660612127,0.20555704148819937,0.7431526640242058,0.36148712457301324,0.43838695688054574,0.6883234951241872,0.054829168900014644,2.56092451870818,1.8726010235839927,0.8080665589776869,0.7532373900776722,1.9261375980483402,0.548575728403067,0.828986141242206,0.3858253246171019,0.7991366263263253,0.43605930978693774,71626,23754,30059,11820,5993,47398,0.6883234951241872,0.054829168900014644
474571163,1.7317110139298753,0.8084491698317163,0.6889768952850271,1.3465948789121382,1.5039875637953798e-14,0.2497364756234343,1.3396757841986437,1.8389060060915867,1.3638407521010751,1.4645270371414727,3.352475997569832,2.6069170743209282,0.4481320758157613,8.336764933595113e-15,0.5699982921723507,0.2066097797657061,0.7455589232489043,0.36338851240664455,0.4481320758157613,0.6897474318094065,0.055811491439496416,2.540672898830556,1.8509254670211495,0.8118030987391922,0.7559916072996957,1.9359327108290767,0.5543107625542405,0.8273111857205958,0.38511613501773695,0.8084491698317012,0.4392404196615929,71482,23670,29882,11976,5954,47894,0.6897474318094065,0.055811491439496416
1987640711,1.7684106215502082,0.7986075192073312,0.6801721038810156,1.3831661355628115,-2.2951099659906082e-14,0.24400666557170797,1.378961156489992,1.8781718178652824,1.3936962244729132,1.4935471475401918,3.4106029382155594,2.667610355029102,0.43953466950632014,-1.2631741827119565e-14,0.5630964519948362,0.20200664929144896,0.7429925831864574,0.36108980270338725,0.43953466950632014,0.688036999354951,0.05495558383151573,2.5885899517390096,1.9005529523840587,0.8220129864764728,0.767057402644957,1.9286261327845833,0.5503763224550983,0.8278734878743869,0.38524448598739663,0.7986075192073542,0.4361654383093076,71529,23888,29768,11854,6019,47553,0.688036999354951,0.05495558383151573
1711184500,1.7401326906710748,0.8030244169985591,0.6863834317292304,1.356131214956737,1.5032029128407504e-14,0.24772413810167015,1.3533855317357186,1.8511882153224324,1.3629810697538758,1.4630744297412894,3.372785237613819,2.6285003244835625,0.44536509067944763,8.336908410446652e-15,0.5690223068972249,0.20536707912895286,0.7442849131302562,0.3636552277682721,0.44536509067944763,0.6887721698019533,0.05551274332830785,2.5613500405273197,1.8725778707253662,0.8114351970865161,0.7559224537582083,1.938234512629677,0.5546096497838456,0.8290152130619857,0.3840014757143378,0.803024416998544,0.43865929362756034,71628,23975,29668,12000,5985,47919,0.6887721698019533,0.05551274332830785
2098471546,1.7668735031159621,0.7945007769148663,0.6857168653419397,1.3809623436037037,-1.7082576991207105e-14,0.24689960127972368,1.3773479129101651,1.8774836087775642,1.3899947077117139,1.4904618540713528,3.41341093660328,2.6678717850379168,0.4386689281685962,-9.431829340921223e-15,0.5675199595420286,0.20434155671428514,0.7455391515653635,0.3631784028277435,0.4386689281685962,0.6900680725050318,0.05547107906033279,2.5904799552888247,1.900411882783793,0.8229309813144691,0.7674599022541363,1.9318932173602548,0.5521315282686013,0.8276301608230521,0.3859111595122585,0.7945007769148834,0.43881726406221594,71507,23721,29883,11963,5940,47704,0.6900680725050318,0.05547107906033279
1926654922,1.7754464956635236,0.792825840160326,0.6818526751113232,1.3896191276526844,6.443924251854667e-15,0.2441051755122002,1.3868266982227024,1.8865528673846945,1.39663485413286,1.496301781809791,3.4226586282802334,2.678870869328122,0.43513963028164,3.5367248069864933e-15,0.5659926784028625,0.20262697081535094,0.7437877589521117,0.3633657075875116,0.43513963028164,0.6890859217215368,0.054701837230578414,2.6014187403437363,1.9123328186221997,0.8212398879365554,0.7665380507059771,1.9277734567839568,0.5488464278531154,0.830080601077726,0.38582736801083944,0.7928258401603195,0.43774749959912296,71723,24031,29774,11929,5989,47423,0.6890859217215368,0.054701837230578414
1236142425,1.728486378726025,0.8000874752510116,0.6839056996646923,1.342991173051986,9.487452092188365e-15,0.24794409874395143,1.3392869006507322,1.8391376366104015,1.3522560609768857,1.451732567995089,3.330355130973807,2.5876035814194585,0.4403044898929436,5.221138791760454e-15,0.5649783646189633,0.2048280216029211,0.7427515495543481,0.36015034301604226,0.4403044898929436,0.6880075946321255,0.054743954922229575,2.531437028160802,1.8434294335286763,0.7989181028130868,0.7441741478908572,1.9267465291965067,0.5503204380931057,0.8261056530102951,0.385495205674039,0.8000874752510021,0.4359616009207408,71376,23807,29683,11925,5961,47548,0.6880075946321255,0.054743954922229575
641863664,1.7937376886926741,0.8024935580546073,0.6791035010798865,1.4084036498932162,4.529732058302954e-15,0.24076043192181232,1.4011420891193196,1.9013790623993712,1.4264457381377127,1.5262917189249579,3.4859838719037386,2.737118386711502,0.4475636598146878,2.526304962383305e-15,0.562288582752595,0.19934640571422027,0.7488654851922364,0.36294217703837467,0.4475636598146878,0.6931797639420157,0.05568572125022036,2.6347462503544747,1.9415664864124589,0.851237621549133,0.7955519002989125,1.943418981425551,0.5577162026068656,0.8279865762118197,0.385334038799458,0.8024935580546028,0.43834306915807414,71540,23904,29779,11895,5962,48188,0.6931797639420157,0.05568572125022036
963177018,1.762887271384193,0.8037276091076638,0.6789094364298058,1.3776039974191858,1.2265864695704859e-15,0.2434724146124535,1.376386688699876,1.8754476981256045,1.3806651870374116,1.4798294042341054,3.403135349461834,2.6593718936413198,0.4414412699797921,6.736932795781219e-16,0.5648173425436742,0.20255638650018368,0.7437634558205141,0.36226095604349057,0.4414412699797921,0.6892982645295762,0.05446519129094202,2.590350316129749,1.9010520516001725,0.8127850333321509,0.7583198420412088,1.9304327648753983,0.5492423863227753,0.8319479922298475,0.38528327396500706,0.8037276091076626,0.4354370218173523,71881,23944,30353,11677,5907,47455,0.6892982645295762,0.05446519129094202
765827275,1.6905082479259723,0.7987369610220354,0.6854227020691505,1.3047901222674951,-1.837948069557468e-14,0.24711041340928974,1.3020356164905698,1.80120106116443,1.3117242451441014,1.411852971550778,3.2418289631459145,2.502150707861375,0.43546972046350446,-1.0020454431612911e-14,0.5670292670536228,0.204426897699474,0.7396782552845392,0.36260236935414875,0.43546972046350446,0.6850882830828178,0.054589972201723604,2.4720896761720677,1.7870013930892499,0.76973928697388,0.7151493147721565,1.9176652744067977,0.5451979083405541,0.8272694577256893,0.3857181256584772,0.7987369610220537,0.4383122886598607,71482,23915,29875,11821,5871,47109,0.6850882830828178,0.054589972201723604
1568807136,1.7354510341785807,0.7993827323890851,0.6780161226827726,1.3503636809466824,-1.4836719051815095e-14,0.24210925359785385,1.3449700266631721,1.8446198905233049,1.3638049000889825,1.4633975349136468,3.3365730152533724,2.596205211147019,0.4401122242349277,-8.168579527265541e-15,0.5569677759352862,0.19888472854625694,0.7403678041063533,0.3580830473890293,0.4401122242349277,0.6855355763709555,0.05483222773539412,2.53087742297316,1.8453418466022042,0.8056955922801585,0.7508633645447644,1.9225970364716345,0.5505650877891506,0.8214668608933332,0.38508735323189835,0.7993827323890998,0.43590686908491866,70975,23719,29608,11780,5868,47569,0.6855355763709555,0.05483222773539412
630660296,1.7605810697510256,0.7937498540264425,0.6826384050736594,1.3750248760955752,7.786835067850647e-15,0.24586448621176016,1.368259916103907,1.8676372705167752,1.3919703527456315,1.492417126052495,3.403355741094806,2.6580422149318204,0.43778477913211544,4.2947508626611265e-15,0.5665944339973241,0.20406916512434362,0.7453135261629855,0.36252526887298053,0.43778477913211544,0.6899131147567806,0.055400411406203505,2.5802280282673498,1.8903149135105692,0.8231277128274124,0.7677273014212089,1.9330866380246239,0.5515399806518029,0.830006676721018,0.3855561936554504,0.7937498540264346,0.4367739188618992,71714,23913,29888,12009,5904,47654,0.6899131147567806,0.055400411406203505
1922040604,1.7581822562122709,0.7982829083350622,0.69094854500922,1.3721291784461687,-3.76841200633126e-14,0.250151948262928,1.3700086336518336,1.8696882407260573,1.3774616062519764,1.4777837407407832,3.3831655844711213,2.640306599367279,0.4370530131227841,-2.0631730992339647e-14,0.5729744571234494,0.2074404494945594,0.7428589851038419,0.36553400762889005,0.4370530131227841,0.6879334809956659,0.054925504108173505,2.5740917211942183,1.8861582401985524,0.809073863276963,0.7541483591687894,1.9242405458917684,0.5474913825154082,0.8292577808609521,0.3860530777661022,0.7982829083351,0.44079659674629196,71649,23980,29897,11952,5820,47304,0.6879334809956659,0.054925504108173505
2021388904,1.755851348586375,0.7990645573946078,0.683125742809557,1.368849056983964,-2.6810110594868706e-14,0.24477625676061998,1.3670492607160443,1.8687163615158633,1.3733526593733392,1.473430970813824,3.3801626114328562,2.635150411131007,0.4392181598635537,-1.473659084518928e-14,0.564093729038317,0.20212494245679738,0.7450122003018492,0.3619687865815196,0.4392181598635537,0.6900026126704397,0.05500958763139611,2.5702685500607756,1.8802659373903359,0.8098940613720986,0.7548844737407026,1.9250847255117607,0.5496654254014817,0.8257538747087974,0.3870022916024108,0.7990645573946346,0.4383494860489369,71348,23877,29669,11793,6009,47493,0.6900026126704397,0.05500958763139611
1561523642,1.8026265234364056,0.7982798669428867,0.6792686634185565,1.4156953186070167,-1.524782600734194e-16,0.24262658052956357,1.4129780050191807,1.9143765966759538,1.4225002763535164,1.5227712538918912,3.4888027467899803,2.739936227476751,0.44088471547108504,-8.421273928082828e-17,0.5643451126176048,0.20157727315710047,0.7488665193132292,0.3627678394605043,0.44088471547108504,0.6934875184982449,0.05537900081498224,2.647786207602103,1.954298689103858,0.8410165391878874,0.7856375383729053,1.935399652357917,0.5522934170437099,0.8308128182704972,0.3869312048293888,0.7982798669428869,0.4366420828889929,71782,23909,29822,12057,5994,47718,0.6934875184982449,0.05537900081498224
1981369002,1.8574573430740788,0.7958198582476755,0.6825322631199736,1.4713890406940553,-3.4920709721259294e-15,0.24540492846587877,1.4601663169791315,1.9603645361005404,1.4994425713591475,1.6002194239589684,3.60557540062037,2.856164718748704,0.4414064881020703,-1.936899121119401e-15,0.5677456205460487,0.20413331490005832,0.7494106818716664,0.36361230564599034,0.4414064881020703,0.693514166941753,0.055896514929918685,2.7180036357265243,2.0244894687847714,0.8875717648938288,0.8316752499639102,1.941134968221218,0.5546562875095981,0.831822393202022,0.38606830238002343,0.7958198582476791,0.43712733465409487,71869,23729,30125,11978,6037,47922,0.693514166941753,0.055896514929918685
225660642,1.8546937394639336,0.8056649463867629,0.6794107367791241,1.4666657454425422,-7.49357721367442e-15,0.24321243264097453,1.465915990571209,1.9685742499417689,1.4685451202707538,1.569234887517107,3.5813698180664066,2.832096923688318,0.4436481927062501,-4.126420049253884e-15,0.5636762210935412,0.2017823056549676,0.749272894378089,0.36189391543857363,0.4436481927062501,0.693826975496807,0.055445918881287796,2.7172535065639654,2.023426531067158,0.8641163115024644,0.8086703926211766,1.9309763881025113,0.5506609102157399,0.8296545676710315,0.38802799402139126,0.8056649463867703,0.4361983041381496,71682,23941,30011,11826,5904,47577,0.693826975496807,0.055445918881287796
835657465,1.8424730750163127,0.8045255325480442,0.6877316415122765,1.4556040620149604,-1.4385048663866006e-14,0.24847496522461365,1.4488788847053964,1.9508300540095116,1.4724008400065502,1.5718410847781523,3.5837169462734186,2.8312342876767698,0.4474069235889486,-7.999709279572511e-15,0.5727652149144464,0.2069380093444413,0.7524826585966489,0.36582720557000514,0.4474069235889486,0.6971826684853435,0.055299990111299234,2.7095960443748432,2.0124133758895,0.8741209018985516,0.8188209117872525,1.9450579739091653,0.5561127714268418,0.8328324310554819,0.3868690130013523,0.8045255325480586,0.4392566762876629,71961,24169,29910,12020,5862,48051,0.6971826684853435,0.055299990111299234
505338217,1.7831755805215528,0.7953777784162506,0.693008224839753,1.397048036170493,-3.8744905218193046e-14,0.2547693646689226,1.3959269501699691,1.896338480777403,1.3998514210169413,1.5002007154106611,3.446003320016051,2.69980826535171,0.43908930481185066,-2.138917374726325e-14,0.5740926836246086,0.21105265857694383,0.7461950546643408,0.3630400250476648,0.43908930481185066,0.6907971002464617,0.055397954417880105,2.6178156247052513,1.9270185244587896,0.8281876953107113,0.7727897408928314,1.9325092591320399,0.5520512600768928,0.8284067389782543,0.38612754435106,0.7953777784162893,0.4382388601708304,71577,23629,29943,11924,6081,47699,0.6907971002464617,0.055397954417880105
1464855835,1.7405888485139411,0.8024989324099409,0.6861547208849963,1.3537478066759776,1.2100047396440102e-14,0.24986728547281517,1.35290030510979,1.8541416369287118,1.3558746780807658,1.455619252882698,3.3585190088932015,2.612097478304816,0.441205747034041,6.652482931860816e-15,0.5694745914282076,0.20737752867513376,0.7464215305883853,0.3620970627530738,0.441205747034041,0.6915829783352142,0.05483855225317436,2.558234355633163,1.8666513772979492,0.800284653260042,0.7454461010068675,1.929530349318621,0.549789824279367,0.8299507007598873,0.38684104183796364,0.8024989324099288,0.4362874354121812,71711,23848,29874,12031,5958,47504,0.6915829783352142,0.05483855225317436
1093232867,1.7947387360782887,0.8092739397791909,0.681851906125716,1.4079934801539356,-7.626949846100993e-16,0.2442825648540607,1.4021585483719659,1.9031255284327477,1.4226290680753295,1.5228753299090136,3.476005704683964,2.7269670346934642,0.44676764507933237,-4.2105327434742814e-16,0.5677478352264085,0.203403255360082,0.7490386699904996,0.3643445798663264,0.44676764507933237,0.6936967343047127,0.055341935685784195,2.6352873873754112,1.9415906530706986,0.8407183173085984,0.7853763816228142,1.9367753282460698,0.5520598441625739,0.832655639920922,0.3867452559243533,0.8092739397791917,0.4375693412716553,71943,23740,30355,11967,5881,47699,0.6936967343047127,0.055341935685784195
1030170195,1.7595287793657328,0.801066138467837,0.6890750469944483,1.3736274901636418,3.9360131069401796e-14,0.25203929083254223,1.3728734891044871,1.8729094085360403,1.375517873091785,1.4752681630516147,3.3930901577789747,2.6489148526510653,0.4404684805639628,2.1642279325521524e-14,0.5710384153139599,0.20886566399643366,0.7441753051279096,0.3621727513175263,0.4404684805639628,0.6893273262351055,0.05484797889280019,2.5819097882696105,1.8925824620345053,0.8111803695093065,0.7563323906165063,1.9284084452441301,0.5498528266422882,0.8287027919595537,0.385901289202091,0.8010661384677977,0.4370357561619061,71601,23825,29850,12041,5885,47508,0.6893273262351055,0.05484797889280019
542494361,1.7867775310828828,0.7976123282612124,0.6771874928755751,1.399905229506528,2.768850426102643e-14,0.24185724599455044,1.3955930730261192,1.8965604970301058,1.4107329009381158,1.511116411302608,3.453367587123996,2.7056459243100766,0.4390740369278693,1.524212065388482e-14,0.5632601951439858,0.20116815654318027,0.7477216628139197,0.3620920386008056,0.4390740369278693,0.692461993955974,0.0552596688579439,2.6215198843371277,1.9290578903811537,0.8318477027868878,0.7765880339289439,1.932735064689934,0.5504855195569089,0.8317640255761162,0.38687230157635477,0.7976123282611847,0.4353302468810247,71866,23891,30296,11761,5918,47563,0.692461993955974,0.0552596688579439
199763210,1.7358606479601768,0.8029177140953163,0.6849151520649515,1.350435767444331,1.1419835116956303e-14,0.24697891488664467,1.345391019451785,1.844983545522842,1.363012640377423,1.463810424887445,3.353403012260915,2.608824260020089,0.44405376175446987,6.315741517814178e-15,0.5655608352075419,0.20394000769411647,0.7445787522408259,0.3616208275134254,0.44405376175446987,0.6888325224560863,0.0557462297847352,2.5438424380506346,1.8550099155945483,0.8095605742103662,0.753814344425631,1.9318388352207447,0.5530501494226034,0.8257385363755377,0.3854248805158456,0.8029177140953049,0.4379362371783068,71346,23794,29693,11885,5974,47785,0.6888325224560863,0.0557462297847352
2109221179,1.84440192078678,0.7949414638526684,0.6839175168367722,1.4572997953593365,-1.2791553779644365e-14,0.2460952483664427,1.4490079850962505,1.9508371937871445,1.4780621203501558,1.5778927197299533,3.573685703081682,2.8236423878575967,0.43957940918308813,-7.0733555974530184e-15,0.5687755797534181,0.2046635217234707,0.7500433152240852,0.3641120580299474,0.43957940918308813,0.6948399098298192,0.055203405394259455,2.701157119490549,2.0063172096607294,0.8725285835910805,0.817325178196821,1.9375851124451382,0.5529707898902079,0.8316435326647226,0.38710212542744354,0.7949414638526812,0.43782226847032946,71859,23908,29999,12035,5917,47780,0.6948399098298192,0.055203405394259455
153014392,1.7223237826461972,0.802776142810932,0.6822982464797068,1.3378085056717717,-9.273383641486575e-15,0.24574418909691406,1.3310517920973726,1.8299378695343276,1.3546417731167646,1.454220556797045,3.3309701766937962,2.5873185282696434,0.44469098040857286,-5.136911578859304e-15,0.5636566568943636,0.20301290350993548,0.7436516484241528,0.3606437533844281,0.44469098040857286,0.6884908326235935,0.05516081580055897,2.5254171331416817,1.8369263005180883,0.8055530435521213,0.7503922277515623,1.9339976665572467,0.5539414497938131,0.8261147669696204,0.3845152769744257,0.8027761428109413,0.43655405738279274,71377,23664,29932,11936,5845,47861,0.6884908326235935,0.05516081580055897
445620927,1.8073761426736459,0.797474605983623,0.6899193229501879,1.4206810204765064,-5.1641315731929795e-15,0.2520210870851093,1.4177684659853824,1.9198817829201673,1.4279338307897909,1.5272158674355425,3.497293029971784,2.7490336479576105,0.4421314721591911,-2.863069341328293e-15,0.5699990675745648,0.20821533745911927,0.7482593820141737,0.36178373011544546,0.4421314721591911,0.6932159828992809,0.055043399114893386,2.650582432909831,1.9573664500105503,0.8467105970619696,0.7916671979470762,1.9350111730468287,0.5544144839745163,0.826182205097796,0.38669512219713953,0.7974746059836281,0.4378982358650786,71386,23694,29901,11861,5930,47904,0.6932159828992809,0.055043399114893386
1800504671,1.7728349344352528,0.7987275089578316,0.6841512118975188,1.3865126015473597,1.1285046707249345e-14,0.24646120236120952,1.3834995643547312,1.8847753792026496,1.3940313958530797,1.4934964713227818,3.4218299211526015,2.676171488882156,0.4410515484864092,6.23152109969027e-15,0.5649449019669294,0.20351787351282483,0.7456584322704453,0.36142702845410457,0.4410515484864092,0.6907345376202217,0.054923894650216416,2.5971319810561693,1.9063974434359474,0.8246979400964606,0.7697740454462442,1.9301458103557996,0.5521927610354713,0.8257602882848569,0.386322332887893,0.7987275089578203,0.4376900095363094,71348,23686,29862,11832,5968,47711,0.6907345376202217,0.054923894650216416
345055515,1.7156279480842598,0.7995446861940295,0.6924444174741452,1.3306662679693848,0.0,0.2538498426526909,1.3258913743276055,1.8243331525993123,1.3426636914960763,1.4424946647111587,3.3171188729941075,2.572806182171787,0.4400999305914248,0.0,0.5765262980399057,0.21135430707408798,0.7443126908223208,0.3651719909658177,0.4400999305914248,0.6893619105326335,0.0549507802896837,2.5231147194052763,1.833752808872643,0.7940041535887605,0.7390533732990769,1.93347215909961,0.5504381908738288,0.8325957773519523,0.38496168011487497,0.7995446861940295,0.43859457482145425,71938,23855,29944,12061,6078,47559,0.6893619105326335,0.0549507802896837
769715874,1.7395682058470845,0.7991272964427664,0.683203518650536,1.3537284685488296,1.2855319176143865e-14,0.24273686326402627,1.3505956913108474,1.8511008337240853,1.3615271683458714,1.461920158666162,3.3401264507155575,2.5992796658897315,0.43973200964914344,7.073835872169803e-15,0.5599254675861961,0.19893713652408432,0.7408467848258261,0.3609883310621118,0.43973200964914344,0.6856040073800573,0.055242777445771135,2.53568253773896,1.8500785303589025,0.8044439129766447,0.7492011355308736,1.920089387405813,0.5502652851511463,0.8195588171035203,0.38583973729825494,0.7991272964427536,0.4404666553865097,70810,23615,29552,11749,5894,47543,0.6856040073800573,0.055242777445771135
1150114018,1.773719983970831,0.7993848306785536,0.6973861003518302,1.3887365878313893,1.367404174813649e-14,0.2548791168572894,1.3851833764260282,1.8845945924295868,1.3976237342681719,1.496404966911121,3.441859128391251,2.6948085069537053,0.4430493557500456,7.578671941858796e-15,0.5802246402533623,0.21205920767851066,0.7470506214375455,0.3681654325748516,0.4430493557500456,0.692302320240113,0.05474830119743992,2.6124948083698554,1.920192488129742,0.8293643200213999,0.77461601882396,1.9404749112010073,0.5542378823650751,0.8319991464708573,0.38498339613944177,0.7993848306785399,0.4425069834945408,71889,23957,29977,11828,6127,47889,0.692302320240113,0.05474830119743992
991100538,1.7808935850838388,0.8008099633635759,0.6931890285094602,1.3932482158538297,-3.2639923893913577e-14,0.2520207354767206,1.388148482914547,1.8908300382937333,1.4060085592804896,1.5058150829771244,3.4435307690688948,2.693980786065409,0.44213977754878747,-1.8021015409260456e-14,0.5749072001770664,0.20901735235341967,0.7495499830034859,0.36588984782364675,0.44213977754878747,0.6944452313095918,0.05510475169389611,2.6121465752200232,1.9177013439104316,0.8313841938488015,0.7762794421549054,1.933597154771482,0.5521157300437476,0.8293656946839869,0.3876453692300089,0.8008099633636085,0.4411682930327396,71659,23798,29842,11959,6060,47704,0.6944452313095918,0.05510475169389611
937110928,1.743360524468224,0.7976574475853708,0.6723637847723676,1.3576113955372504,1.5276638981656642e-16,0.23721358339478935,1.3518163371984795,1.8517550922922377,1.3721191174871383,1.4719985883279145,3.3668968271578357,2.6219117824421083,0.4397049173712288,8.421175407405074e-17,0.5572400794291527,0.1965973168785976,0.7449850447157272,0.3606427625505551,0.4397049173712288,0.6899269560511342,0.05505808866458961,2.555464526725429,1.8655375706742947,0.8114323004324716,0.756374211767882,1.9312682488235402,0.5512452979687982,0.8287776528859438,0.38574912893097346,0.7976574475853707,0.4351502013775782,71607,23559,29926,11921,6201,47628,0.6899269560511342,0.05505808866458961
1517495950,1.8090568307077952,0.7991087940059799,0.6818465327916671,1.4232860585778107,-5.626014748381157e-15,0.24384337854092236,1.4198915672011447,1.9199876649241538,1.4317685627336187,1.5318514535698737,3.505620504981897,2.7580674673736434,0.44257483576433104,-3.1158868128459893e-15,0.5660319253981472,0.20242551719960045,0.7475530376082539,0.3636064081985468,0.44257483576433104,0.6921235775561015,0.05542946005214859,2.657226756140213,1.9651031785841118,0.8483937488416194,0.7929642887894709,1.9378166818619622,0.5538355216261319,0.8301456386096985,0.38577077212998456,0.7991087940059856,0.43800315425074476,71724,23909,29722,12001,6092,47851,0.6921235775561015,0.05542946005214859
963055724,1.8039860799741188,0.7979526973378746,0.6833138993965191,1.4188620060654484,-1.9783202749181073e-15,0.24636937807692358,1.413930475060823,1.9130275146065685,1.4312116687075414,1.5309218063312118,3.498046389427776,2.7512657511662724,0.4415476327408421,-1.0947047827616142e-15,0.5687657503349262,0.20506895045633602,0.7467806382615035,0.36369679987859016,0.4415476327408421,0.691605970170427,0.05517466809107491,2.650909833900005,1.959303863729578,0.8471365555277452,0.7919618874366703,1.9390650672193441,0.5533506362143156,0.8323637947907131,0.3851240739086703,0.7979526973378765,0.4369445213195955,71920,23988,29946,11880,6106,47812,0.691605970170427,0.05517466809107491
1692472059,1.7682375769965173,0.7967477319380349,0.6786701832053897,1.3818676549217632,-1.6788088634479523e-14,0.24199675645893962,1.375265025474428,1.8758524253712798,1.3983508228185249,1.4995819409231015,3.4113230030858093,2.6659296125025955,0.43961763809873877,-9.263082375810461e-15,0.5603723912243274,0.1998147324595035,0.7453933905832135,0.3605576587648239,0.43961763809873877,0.6895375867204615,0.05585580386275833,2.583905936707081,1.8943683499866193,0.8274170663788061,0.7715612625160477,1.9292220951893773,0.5517651578742478,0.8256917794408817,0.38636992207475407,0.7967477319380517,0.4366734267464501,71342,23817,29663,11943,5919,47674,0.6895375867204615,0.05585580386275833
2032202617,1.800279544887355,0.798637022166367,0.6789176699985349,1.4136856196332248,1.634706516188496e-14,0.24397895408999,1.411659274370333,1.9130922919287392,1.4187422088989305,1.5187639827621882,3.5010435971195553,2.749225808298888,0.44433162888619143,9.09489278519318e-15,0.5648577047801948,0.20298984414743793,0.7518177888206672,0.36186786063275694,0.44433162888619143,0.6961694323442907,0.05564835647637871,2.6560603874457427,1.9598909551014518,0.8449832096737251,0.7893348531973464,1.9447221999840132,0.5563624231705491,0.8319973536429149,0.38659392525413017,0.7986370221663506,0.4349387159085449,71885,24042,29980,11938,5925,48070,0.6961694323442907,0.05564835647637871
364055329,1.7960530644166137,0.8018057632802075,0.6833330375078448,1.4103397650445484,-1.6774366264124595e-15,0.24564575270472447,1.406507162151601,1.9066160212114065,1.4199164928693602,1.5197835488140035,3.4701197033846665,2.7248904300818375,0.44277305820150453,-9.26313801957918e-16,0.5655545305739473,0.20330652951462116,0.745229273302829,0.3622480010593261,0.44277305820150453,0.6900807026648453,0.055148570637970504,2.630865060265367,1.9407843576005215,0.8392546431192793,0.7841060724813088,1.9320808344333724,0.5522198498425714,0.8276411347482296,0.3857132993720652,0.8018057632802091,0.43768728480312036,71510,23927,29835,11817,5931,47713,0.6900807026648453,0.055148570637970504
447892516,1.7806986665191544,0.7991655032475571,0.6713870229928719,1.3957433928231797,5.622607178880258e-15,0.23655158864233033,1.391224801578575,1.8907617238630967,1.4070121251990186,1.506216848950044,3.4475370599412627,2.702241071664389,0.44284299952938727,3.1156653010577896e-15,0.5557708880186345,0.19581624603930192,0.745295988276874,0.3599546419793326,0.44284299952938727,0.6903234985299274,0.05497248974694477,2.6128944425858167,1.9225709440558894,0.8346426173554664,0.7796701276085216,1.9360586520123497,0.5541317758709713,0.8277951002704071,0.38495527369597476,0.7991655032475514,0.43483543435054156,71526,23859,29783,11849,6035,47880,0.6903234985299274,0.05497248974694477
1074315357,1.8085006779373196,0.7978789565532137,0.6867257886083368,1.4223117934471565,-3.184226526994935e-15,0.24809085839857864,1.4191764145920351,1.9202457978691945,1.4301298869221672,1.5298632840649702,3.5088447689795093,2.7595628562257524,0.44311933489480126,-1.7684290696069686e-15,0.5696062055890063,0.20577950448039764,0.7492819127537569,0.3638267011086087,0.44311933489480126,0.6938928136357223,0.05538909911803197,2.65920210658452,1.9653092929487974,0.8496426623950364,0.7942535632770045,1.9401954402259403,0.5553716278081184,0.8294521846097034,0.38618888449016314,0.7978789565532168,0.4386349302097582,71666,23885,29874,11914,5993,47985,0.6938928136357223,0.05538909911803197
1985322052,1.7494559722687568,0.8023756016521977,0.6864738837537853,1.363954839883961,-2.789484929603521e-14,0.24899256179381024,1.358291267841618,1.8577852437216735,1.3781676951363464,1.477601347084717,3.3734227717962586,2.6300726565866523,0.44085683060082664,-1.5326531396786398e-14,0.5693550200136852,0.2065121024388743,0.7433501152096064,0.3628429175748109,0.44085683060082664,0.6887173415275968,0.05463277368200159,2.561570261044421,1.872852919516824,0.811852510751747,0.7572197370697454,1.9282696022475398,0.5494394765905694,0.8293906490664013,0.3855011323847958,0.8023756016522255,0.43748132195997497,71660,23944,29809,11891,6016,47472,0.6887173415275968,0.05463277368200159
1739678475,1.7646121784288324,0.7966334508279935,0.6799528062179064,1.3790499193110333,-1.1894799922583569e-14,0.24314118342524174,1.3741381374031834,1.873845141933094,1.391324638543248,1.4916350831391827,3.409638832164825,2.6646433782199495,0.43991548445351425,-6.568524915671415e-15,0.5628614553782084,0.2012710280972842,0.7449954539448761,0.3615904272809242,0.43991548445351425,0.6896022015220734,0.05539325242280842,2.585930802399142,1.8963286008770688,0.8237080297657683,0.7683147773429598,1.9322312708964098,0.5522181926911067,0.8277948855141963,0.38556225911779923,0.7966334508280054,0.4368116227926647,71522,23581,30085,11874,5982,47712,0.6896022015220734,0.05539325242280842
147362457,1.7349491985394343,0.8020955951787299,0.6842036529856369,1.3504433297940908,5.949894048334178e-15,0.24573461227210083,1.3444702625776108,1.8427310085286819,1.3653627221258973,1.4657342288764508,3.3496772336956977,2.607309355810316,0.44274142884019174,3.284227725774055e-15,0.5656615955492436,0.20315973504811047,0.7423678778853816,0.36250186050113314,0.44274142884019174,0.6869647257166117,0.055403152168764715,2.5406199708289106,1.8536552451122987,0.8090572628666958,0.7536541106979311,1.9307062342318846,0.5519808754734981,0.8267444832848887,0.3845058687453436,0.8020955951787239,0.43846904071353604,71432,23713,29848,11924,5947,47692,0.6869647257166117,0.055403152168764715
1365360649,1.743357398184619,0.8021187446299227,0.6769876972205573,1.3579923783527017,-3.0572535040058094e-16,0.24092068368225691,1.3501705516637212,1.8502385122788743,1.3774687235215763,1.4772234689997685,3.351856453469881,2.61093653079068,0.4418880661673447,-1.6842441941582678e-16,0.555700170276283,0.19775789943445862,0.7409199226792008,0.35794227084182445,0.4418880661673447,0.6859649277168097,0.05495499496238755,2.538052479452883,1.8520875517360733,0.8138039740169575,0.7588489790545699,1.9226444657648587,0.5509010593826986,0.8208423469994615,0.3853650198319173,0.802118744629923,0.4360670135383004,70921,23863,29725,11557,5776,47598,0.6859649277168097,0.05495499496238755
2056333346,1.8176588026615799,0.80184254308973,0.693671996756662,1.4322817243176957,1.4860343167162864e-14,0.2531889408616037,1.4256958828919055,1.9255671760303037,1.4486872401903022,1.548856015348829,3.52389205187213,2.7767621607390027,0.4452931206044552,8.252503735535205e-15,0.5743767788906505,0.209646416437131,0.7471298911331273,0.3647303624535196,0.4452931206044552,0.6915024280334711,0.05562746309966613,2.6637544420816552,1.9722520140481843,0.8601376097906568,0.8045101466909906,1.938698311648,0.5553373594878275,0.828023592672345,0.38537707834388424,0.8018425430897151,0.4404830558950584,71544,23901,29683,11960,6000,47983,0.6915024280334711,0.05562746309966613
1218693757,1.7813620982482665,0.8016897043014786,0.6832329742292299,1.3973598487760732,-9.525681712631821e-15,0.24528948150132196,1.391901742958575,1.8900498257442782,1.4109232774613951,1.5112723839510351,3.4574182773857802,2.7121142220294945,0.44648042600862253,-5.305083009372204e-15,0.5650583589658509,0.20286326497207244,0.7453040553562857,0.3621950939937784,0.44648042600862253,0.6894172058998332,0.05588684945644555,2.615754059695205,1.926336853795372,0.8416642176906155,0.7857773682341699,1.9408846077873176,0.5569242359145002,0.8270361359583173,0.38400224947219336,0.8016897043014881,0.43794349272790795,71460,23894,29769,11879,5918,48121,0.6894172058998332,0.05588684945644555
2084620284,1.7834165348662687,0.7992330924376341,0.686098692422004,1.395670121213812,-1.937367110452229e-14,0.24932089944309663,1.3925205245550956,1.8950920056185065,1.4035574518937204,1.5037548949469963,3.449961585709415,2.6998786937181296,0.4412062803898785,-1.0694984287315595e-14,0.5697319229259747,0.20703446462477682,0.7500828919912856,0.36269745830119793,0.4412062803898785,0.6947701908876888,0.05531270110360468,2.6198331662340713,1.9250629753463824,0.8301284194753341,0.7748157183717295,1.934467645814506,0.55203705222492,0.830393541364666,0.3877464136524567,0.7992330924376534,0.43677779297890745,71746,23939,29958,11910,5939,47696,0.6947701908876888,0.05531270110360468
1793047753,1.7467168420573973,0.8007102669827544,0.6780303440830471,1.3610895498085547,1.3573978695810274e-14,0.2438693787047685,1.3550843611611354,1.854797758759713,1.376127697248354,1.4760614378348054,3.3794961190174826,2.6333958318025497,0.4420963251634444,7.494603662168171e-15,0.5631110015004795,0.20253596505840435,0.7461002872149327,0.36057503644207517,0.4420963251634444,0.6909238503751913,0.055176436839742146,2.5645180123407267,1.8735941619655356,0.8149781066767463,0.7598016698370043,1.934770443409071,0.5521302066343632,0.8305100301403444,0.3856272922488427,0.8007102669827408,0.4341609653782786,71759,24024,29913,11876,5946,47706,0.6909238503751913,0.055176436839742146
776654312,1.7034668630787446,0.7912804997637817,0.6796522588262723,1.3195809684116235,2.7640715262188525e-15,0.2416433431195948,1.3149151039195044,1.812548302881731,1.3312463189553234,1.4307471483781173,3.269648078668721,2.532814386666135,0.43392173925267347,1.5157592338415092e-15,0.5591157686969285,0.19878783861048394,0.7368336920025861,0.36032793008644454,0.43392173925267347,0.6822695103083445,0.05456418169424299,2.4850561529983617,1.802786642690017,0.7845919256703162,0.7300277439760732,1.9194080903689277,0.5483791643825555,0.8226497616038168,0.383885894667121,0.7912804997637789,0.43800891570667755,71080,23585,29623,12097,5775,47382,0.6822695103083445,0.05456418169424299
1515150136,1.7904061704209315,0.8013706475442828,0.6905546889293392,1.4047905359917578,1.671306668810927e-14,0.2528001718807745,1.400937888471494,1.9007431685218326,1.414418614939196,1.514665053967466,3.472292705270559,2.7244342714762313,0.44416483659396894,9.263324726524819e-15,0.5737648984078991,0.2100454421090956,0.7478584337943278,0.3637194562988036,0.44416483659396894,0.6922962000806733,0.055562233713655367,2.63277985531572,1.9404836552350466,0.8395128499548378,0.7839506162411825,1.9393882587291404,0.5542564329690213,0.830875392791098,0.3856156344291736,0.8013706475442661,0.4377545170485647,71788,23839,29902,12010,6037,47888,0.6922962000806733,0.055562233713655367
1353461141,1.7112056855025704,0.8032656068613545,0.6834092025862581,1.3270534108856984,-9.331092493749374e-15,0.24687365857168803,1.3223863680443504,1.8202560159326804,1.3387333319570076,1.4382921307095362,3.299694141535419,2.558938649223858,0.44221689121379626,-5.136989158962533e-15,0.5653423083615527,0.2042233605904129,0.7407554923115607,0.36111894777113984,0.44221689121379626,0.685945997044674,0.0548094952668903,2.507879990317392,1.821933993272718,0.7918141512181284,0.7370046559512381,1.9282861023023774,0.550523870854742,0.8272383605928934,0.38415227461687207,0.8032656068613638,0.4365355440145701,71473,24016,29684,11908,5865,47565,0.685945997044674,0.0548094952668903
1979152520,1.7878417666981958,0.800682828697611,0.6818643288340211,1.4011624502970337,9.607338399009805e-15,0.2449739950961803,1.395849608964754,1.8975159777277268,1.414420167472148,1.5141596481663644,3.450808489599484,2.7044581734560382,0.44213426578183235,5.305138760216901e-15,0.5630564005686538,0.20228976656931727,0.7463503161434456,0.36076663399933656,0.44213426578183235,0.6912745227260559,0.055075793417386824,2.6146948122180254,1.9234202894919694,0.8361136773814151,0.7810378839640282,1.9301531902191051,0.5521965126953041,0.825760164828497,0.386679316401162,0.8006828286976014,0.43689033373784086,71349,23802,29785,11856,5906,47712,0.6912745227260559,0.055075793417386824
1226259643,1.7991387703696182,0.7998104974694809,0.6813628081413925,1.4123418308930118,-2.1400774528040665e-14,0.24637797456395946,1.410155418369828,1.911437089648751,1.4178261902524993,1.5174516084717946,3.477348853732992,2.729753439600439,0.440619525119608,-1.1789791631356897e-14,0.5661957517922027,0.20473404310664015,0.7475954141325528,0.3614617086855626,0.440619525119608,0.6927112826982808,0.05488413143427546,2.641377321435944,1.9486660387376633,0.8359715322970497,0.7810874008627743,1.9327852364710028,0.550904903741178,0.8309754289886468,0.38679693947660637,0.7998104974695023,0.43498483357743306,71796,24071,29996,11878,5851,47598,0.6927112826982808,0.05488413143427546
1576218580,1.7986328673285439,0.8065200684109022,0.6764600103978454,1.4122520574137558,-1.9911227229121135e-14,0.241751032065765,1.405742065338791,1.9072971924705426,1.4284648887316964,1.5280094389854815,3.47832013827325,2.7311103120872793,0.4468485685691998,-1.1031719772725973e-14,0.5586061295510496,0.19963280350867404,0.7472098261859708,0.35897332604237553,0.4468485685691998,0.6920576464300313,0.05515217975593691,2.6317338506980006,1.9396762042679694,0.8465862875752079,0.791434107819271,1.9338688853381711,0.554045194993885,0.8257784953504013,0.38638080991478796,0.8065200684109222,0.43470897833208044,71348,23691,29568,12022,6067,47870,0.6920576464300313,0.05515217975593691
1123112048,1.7629954208577492,0.7978428654008418,0.685926432448972,1.3771820882548578,-8.848745918991817e-15,0.2461667437163785,1.3714239798665755,1.871890249163995,1.3915647421209192,1.4909969592541794,3.4038524967423793,2.6589545464017514,0.4403934449869208,-4.884332326668006e-15,0.5670970658162706,0.20352100671304776,0.7448979503406278,0.3635760591032229,0.4403934449869208,0.6900133376619106,0.0548846126787184,2.58085173327603,1.8908383956141197,0.8230007634662228,0.7681161507875044,1.9307211218315614,0.5519801756523374,0.8267607705268868,0.3858133326028914,0.7978428654008507,0.43975968873259347,71432,23805,29682,11999,5946,47691,0.6900133376619106,0.0548846126787184
1535741129,1.8033408853936133,0.7947952528666479,0.6850588590222154,1.4180642341100187,-6.809577235519616e-15,0.24875814732543902,1.4100491086627616,1.9094229490461019,1.4380942129689416,1.5382394211377068,3.5114138236404546,2.761214141372491,0.4422956970920976,-3.789462379680267e-15,0.5714700693312625,0.2075118565749036,0.7501996822679639,0.3639582127563589,0.4422956970920976,0.6944698644341514,0.05572981783381255,2.6553988001325473,1.9609289356983959,0.856015023507945,0.8002852056741325,1.9471714150561292,0.5564901092411365,0.8341911965738562,0.3852766512835946,0.7947952528666548,0.43630071169677637,72076,23895,30157,11974,6050,48082,0.6944698644341514,0.05572981783381255
597518678,1.8381389823130376,0.8055702217210533,0.68677344004454,1.4506933811719323,-3.051739625108391e-16,0.2503688950658498,1.4472802867419032,1.9494244322963274,1.459253602950048,1.5590291738804645,3.5588293919443483,2.8086941701857513,0.4445965406121506,-1.6842639456973768e-16,0.5716007313170077,0.20838173868428805,0.7501352217585971,0.3632189926327197,0.4445965406121506,0.6950687949255725,0.05506642683302394,2.698396671455007,2.0033278765294344,0.8604327204893731,0.8053662936563492,1.9361046287512305,0.5519028988711825,0.8322988310088654,0.3874456011411054,0.8055702217210536,0.43640454497869025,71910,23913,30073,11924,6000,47684,0.6950687949255725,0.05506642683302394
1388036824,1.8011363229586743,0.7994963596776103,0.6884163674906391,1.413995578254177,8.293089709477278e-15,0.25079975535224036,1.4139469008275767,1.9154284471175371,1.414117897022838,1.5139380690960944,3.4694143529373167,2.723689757211954,0.4383966628591473,4.547441410355417e-15,0.5710787782910074,0.20805202294117234,0.7457245957253631,0.36302675534983503,0.4383966628591473,0.6909890990677158,0.054735496657655244,2.6392599823347025,1.948270883266987,0.8301543706024904,0.7754188739448352,1.9262364034934403,0.5483410368946855,0.8295543297040693,0.38714074470449733,0.799496359677602,0.4376166121383987,71674,23798,29960,11975,5941,47377,0.6909890990677158,0.054735496657655244
1193640597,1.817920345278895,0.8014940137810845,0.6821142057519276,1.4332166420040124,7.840959027159724e-15,0.24669813257171821,1.4318857176552369,1.9305160676835236,1.4365373193543907,1.5369922327937116,3.5483977485794616,2.797494796139402,0.4476190671904118,4.379025551367512e-15,0.5695228946354106,0.20597758172843653,0.7509029524400593,0.3635453129069741,0.4476190671904118,0.6948008058547456,0.05610214658531922,2.690017002506877,1.9952161966521316,0.8583807460724743,0.802278599487155,1.951899464569272,0.5584808613588371,0.8349377418515979,0.38470370327488257,0.8014940137810768,0.4354160731802094,72139,24136,29804,12098,6101,48253,0.6948008058547456,0.05610214658531922
221648180,1.7257256017445954,0.802178769729853,0.6859344091515305,1.3403479578414683,1.0711414183112995e-14,0.24815732445296662,1.3384600308691337,1.8377669268398982,1.3450761728527165,1.4451239243664553,3.3283252141237853,2.5850656090824575,0.4414744267879072,5.894964582732819e-15,0.5679291634933576,0.20546539116714413,0.7432596050413276,0.3624637723262136,0.4414744267879072,0.6881989060828823,0.05506069895843951,2.53300965577005,1.844810749687168,0.7953155583536871,0.7402548593952476,1.9286526263266113,0.5503441919019885,0.8279642425226343,0.3853776439031271,0.8021787697298423,0.43777708469856386,71535,23878,29827,11886,5944,47549,0.6881989060828823,0.05506069895843951
324056555,1.799722767920831,0.80305229273282,0.6778360800126021,1.413873049716592,6.0940220396025174e-15,0.2400469151172699,1.4087226600351703,1.9088870185808235,1.4267510729465378,1.5267687114629738,3.4822185150483493,2.7356518456111294,0.4438914998923342,3.368503655385366e-15,0.562165402589286,0.19908363490286224,0.74656666943722,0.3630817676864238,0.4438914998923342,0.6912813785806685,0.05528529085654598,2.6382888488821568,1.9470074703014886,0.8439296661661695,0.7886443753096235,1.9348638452083697,0.5527554107114907,0.8293530237853884,0.38584971820423913,0.8030522927328139,0.4377891648953322,71656,23818,29819,12098,5921,47758,0.6912813785806685,0.05528529085654598
537675328,1.7535854693712325,0.8019507183545734,0.6785931356692825,1.368126550575717,-2.4780934163727846e-14,0.2406178655071448,1.36497315206576,1.8642728660788106,1.3760281789749516,1.4762305221624077,3.384302951837669,2.6403929574422627,0.4414779623370948,-1.3642030699665967e-14,0.5625015069447656,0.19945370035626878,0.7439099943954063,0.36304780658849684,0.4414779623370948,0.6887480931970793,0.05516190119832461,2.571630517051074,1.8828824238539945,0.8126724347866138,0.7575105335882892,1.9299332772477569,0.5505051024119169,0.828923072423923,0.3854589187955156,0.8019507183545982,0.4379752701621376,71621,23904,29788,12007,5922,47565,0.6887480931970793,0.05516190119832461
105631927,1.7238176673145647,0.7928619996763079,0.6726370957661183,1.3378226496417627,-1.990895579549243e-15,0.23808376205389825,1.3330813394328354,1.8337761541867932,1.34966115534924,1.4492639855173854,3.3145864228043997,2.5723885273381475,0.43596767499696804,-1.0947253334529574e-15,0.5536380095222356,0.1959633522337252,0.7421978954662521,0.3576746572885104,0.43596767499696804,0.6874297084308639,0.05476818703538865,2.517685763571478,1.8302560551406144,0.7969006592330122,0.7421324721976236,1.9228172942257873,0.5498657713132364,0.8230857515993145,0.38599501767280203,0.7928619996763099,0.43455333371222005,71117,23675,29639,11928,5875,47510,0.6874297084308639,0.05476818703538865
1456616890,1.708348108916706,0.8002109023485054,0.679777916474389,1.3231920980144158,-3.0830982072431306e-16,0.24451086579014789,1.3228841688816946,1.8211756318182535,1.3239657211113267,1.4248868562276173,3.277771128472378,2.5387804942428804,0.4371293832112276,-1.6841970207560098e-16,0.561593947161789,0.20200100490938652,0.738990634229498,0.35959294225240246,0.4371293832112276,0.683860676093603,0.055129958135896585,2.49940143770633,1.815540761612727,0.7783696907659694,0.7232397326300728,1.918678699829434,0.5462677175833457,0.8261432646627428,0.38515601090229046,0.8002109023485058,0.4352670506842411,71381,23750,29757,11935,5939,47199,0.683860676093603,0.055129958135896585
1150104430,1.7746061694146493,0.7978101867274592,0.6832454383856292,1.388843669087746,1.3578488476682874e-14,0.24620117092992164,1.3832979049289529,1.8840927357020874,1.402598948928838,1.5030442502623393,3.4473017894375717,2.697930024256855,0.44530491734902994,7.578955231991288e-15,0.5645348989122668,0.20342492658481304,0.7493717651807169,0.3611099723274538,0.44530491734902994,0.6933073185836118,0.056064446597111475,2.6083641489187492,1.9150568303351374,0.8389376405188098,0.7828731939216983,1.9425728642511473,0.5581589766052348,0.8262549110406776,0.3857625003269034,0.7978101867274456,0.4370442674557076,71390,23811,29695,11780,6104,48226,0.6933073185836118,0.056064446597111475
2098875322,1.77071516086029,0.7981227065571541,0.6805247817515124,1.3855721334895248,-1.0493072951795514e-14,0.24350234516134486,1.3821045117757587,1.8813202084308478,1.3942307149693471,1.4945365879026657,3.4288460403668624,2.683047860306354,0.4419527276352962,-5.81043763599537e-15,0.5641129191224697,0.20184837117701065,0.7457981800605084,0.36226454794545904,0.4419527276352962,0.6902547732929611,0.05554340676754711,2.601260863115656,1.9110060898226953,0.8275851772512275,0.7720417704836805,1.9364187511112632,0.5537403258976791,0.8289380993159049,0.3851430273707653,0.7981227065571646,0.43702243659016754,71623,23727,29876,12012,6008,47845,0.6902547732929611,0.05554340676754711
12336239,1.7245657313203306,0.7999248266147018,0.6783886716807175,1.3407259415260593,2.7835627052769083e-14,0.24266801412133351,1.3384226065376879,1.8355088407350626,1.3464966010862411,1.4466144484116124,3.328496773046034,2.58766707981146,0.44043945535760487,1.5326325688056477e-14,0.5622804979519705,0.20113468504582874,0.7408296932345744,0.36114581290614184,0.44043945535760487,0.685704700634733,0.05512499259983825,2.5319893281311243,1.8462846274963913,0.7965074449148777,0.7413824523150394,1.9300492365099537,0.550601057378796,0.8288471217523616,0.38383978979427125,0.7999248266146739,0.435720657559384,71614,23813,29677,12107,6017,47573,0.685704700634733,0.05512499259983825
2036806777,1.7519527473465974,0.8076089438676689,0.6821946670973266,1.3667418387023251,-1.2118517012297512e-14,0.24518208023160087,1.3610179079902298,1.8611305248975392,1.3809535893045999,1.4808790003155126,3.3920461157076165,2.646219398420872,0.44895598437167566,-6.736776227768488e-15,0.5623578377544781,0.2021124924383455,0.7458267172867443,0.36024534531613267,0.44895598437167566,0.6902774175856942,0.05554929970104388,2.568814161219784,1.8785367436340898,0.8232319544877813,0.7676826547867375,1.9361516004612602,0.5559076429015372,0.8243363146581858,0.38521090864427243,0.8076089438676811,0.4370125868657257,71225,23731,29590,11944,5960,48032,0.6902774175856942,0.05554929970104388
107388674,1.7897753789451296,0.8030343672954656,0.6885708677267558,1.4034124850470786,-6.428335642974124e-15,0.2491860663682573,1.3992769440620771,1.9002015357609454,1.4137521204594445,1.5136890807797643,3.446618519492941,2.7025891172454015,0.4418117729480465,-3.53672829357568e-15,0.5683264474816536,0.205670960679094,0.7440294022475397,0.3626554868025596,0.4418117729480465,0.6890462939020509,0.05498310834549056,2.613820218812833,1.9247739249107825,0.8327983006801292,0.7778151923346386,1.9257268593807193,0.5501779138494678,0.8253710316817838,0.3863628938980509,0.8030343672954721,0.43938480135849856,71316,23849,29639,11854,5974,47538,0.6890462939020509,0.05498310834549056
665055564,1.7998072005605759,0.7987476273165978,0.6866577180304714,1.4135266945348972,-5.6569886260435556e-15,0.2501670819599567,1.4097063269670533,1.9098737618077397,1.4231210841941406,1.5233883852691665,3.480703492701295,2.733663528605568,0.4399192408705748,-3.115650121356979e-15,0.5715799336037867,0.2082412828718539,0.7470399640957268,0.3633386507319327,0.4399192408705748,0.6918166201200442,0.05522334397568488,2.641680202891739,1.9498635827716948,0.8390232898094475,0.7837999458337626,1.9339313075407076,0.5507612490174009,0.8324088095059059,0.3862805060256786,0.7987476273166034,0.4364906360705147,71925,24020,30036,11980,5889,47589,0.6918166201200442,0.05522334397568488
