seed,slot,lambda,edge_avg_wait,cloud_avg_wait,coord_avg_wait,count_E,count_E_P1,count_E_P2,count_E_P3,count_E_P4,count_C,E_utilization,C_utilization
281668658,0,1.880303,30.033334776318902,1.7789771613900403,0.36156863258261046,2441,824,1037,400,180,1603,0.12342282222403575,0.033452987244690036
281668658,0,1.880303,37.12593028905028,1.6620195278665673,0.39536104509417935,2425,811,1004,429,181,1474,0.9282351266712402,0.24785550517779087
281668658,0,1.880303,73.69740220503255,1.9001623231099158,0.39252659482179564,2358,786,977,401,194,1456,0.9211116120550723,0.24681382732316806
281668658,0,1.880303,38.087499597531995,1.6495401858448553,0.37147601206020586,2373,838,959,387,189,1566,0.9214656808159016,0.2462294387239451
281668658,0,1.880303,24.56634875488951,1.7238700028072536,0.38990967810151206,2371,775,1007,383,206,1605,0.9124655720725656,0.24342810501430845
281668658,0,1.880303,18.034709368630825,2.039395609705014,0.3843212213216294,2360,801,956,390,213,1629,0.91680343388724,0.24309826958401776
281668658,0,1.880303,17.77930319612105,2.0472989262672883,0.3787477915367715,2426,839,1007,387,193,1570,0.9153940294541711,0.26465015166058486
281668658,0,1.880303,16.61448539211491,1.9547934881306979,0.38586508273463377,2422,797,1063,361,201,1571,0.9140820951924543,0.23846795307480462
281668658,0,1.880303,14.029515414525951,1.7652580474878108,0.38539589889583276,2424,813,980,430,201,1561,0.9063510836008202,0.25265202836382816
281668658,0,1.880303,32.483303716350356,2.0599746416564617,0.38466912271751064,2446,794,1039,396,217,1546,0.9265587921452232,0.24419639504651078
281668658,0,1.880303,28.15947375218735,2.055762920385701,0.3615570725153008,2401,773,1045,376,207,1566,0.9213981117172287,0.2529442075967851
281668658,0,1.880303,26.08966744918425,2.171199779488697,0.3785714980720211,2371,811,980,368,212,1537,0.9269191522862177,0.22623469178369104
281668658,0,1.880303,22.96915539072307,2.0249959663397523,0.3835776024626975,2478,844,1011,422,201,1584,0.917997287336411,0.250111387811419
281668658,0,1.880303,40.35093882003138,2.063684887561745,0.3956230050919353,2326,743,990,393,200,1588,0.9205438598299707,0.2553209366432337
281668658,0,1.880303,52.77056440521693,1.9405671559983462,0.37542551106082145,2274,757,955,393,169,1475,0.9261088820569265,0.24437793333338625
281668658,0,1.880303,46.070270007669244,1.52955042530496,0.3708663662221387,2381,772,1003,408,198,1513,0.9243748304481774,0.2545526404296885
281668658,0,1.880303,26.22897436526807,1.7263343684919166,0.3685845286976986,2395,842,988,375,190,1539,0.9198066515825041,0.27206783045084243
281668658,0,1.880303,86.29797939282098,2.02923190146184,0.3660998771796566,2292,776,964,369,183,1466,0.9300060478803897,0.2384750298053195
281668658,0,1.880303,22.261356030708427,1.7833764448818499,0.38213978216963845,2418,819,1021,386,192,1545,0.9220940775822507,0.2536511798082357
281668658,0,1.880303,19.315885080513922,1.6617498765456131,0.3614027620456488,2447,765,1035,432,215,1561,0.9223280096551747,0.2578779762341334
281668658,0,1.880303,47.72568894154293,1.9398549404841519,0.38642919530920444,2360,758,1010,398,194,1509,0.9201950791524183,0.2477202901273839
281668658,0,1.880303,29.583026769652893,1.758862229190169,0.37067894173363086,2393,789,1018,383,203,1569,0.9072855050456246,0.25658507761350147
281668658,0,1.880303,69.6692521819453,1.8287554613794113,0.36551371286110657,2358,787,987,384,200,1522,0.9320074266145653,0.23378193401370576
281668658,0,1.880303,33.91017581408314,1.7924121967862963,0.38114575746606105,2422,779,1033,395,215,1612,0.9249704668442084,0.2626792247132989
281668658,0,1.880303,9.05387331638322,1.9665342930725285,0.37206377574812755,2455,819,1008,423,205,1615,0.8922353374869408,0.2471472824702128
281668658,0,1.880303,37.95041832376715,1.7745814642723303,0.3631491807033515,2414,795,1051,374,194,1510,0.921323521480857,0.2505268386139741
281668658,0,1.880303,26.304091846549067,2.024766692092088,0.3783581339149858,2464,820,1015,417,212,1592,0.9282840355597359,0.2440816016121715
281668658,0,1.880303,22.377101096020244,1.9348350128050178,0.35049875703298156,2290,768,908,427,187,1548,0.9110480222124706,0.24645541900202625
281668658,0,1.880303,34.280383552056826,1.9724686662278361,0.384722782261619,2355,784,987,377,207,1638,0.9192691442285756,0.23853966982960986
281668658,0,1.880303,43.33216231481652,1.786463797337461,0.37478129437290414,2310,757,970,398,185,1495,0.9265423634517874,0.252955457828486
281668658,0,1.880303,26.91775103569969,2.1903113696155483,0.39565049541408104,2392,780,1013,397,202,1606,0.921049156084047,0.23290548951441914
281668658,0,1.880303,27.669994062419374,1.7328017801853135,0.3608426666684559,2423,818,1021,400,184,1583,0.9260439197723482,0.242246613510721
281668658,0,1.880303,72.6774611123771,1.7566661429090498,0.3736725555069468,2373,772,985,421,195,1471,0.931690923895745,0.23367088478112674
281668658,0,1.880303,39.2197514063324,1.9122180172601577,0.38855144304073186,2388,796,969,402,221,1546,0.9180937696240824,0.250902224331118
281668658,0,1.880303,26.87857757541066,2.0002503968516674,0.3523915996249521,2341,771,991,382,197,1568,0.9061320113554571,0.2533591068047004
281668658,0,1.880303,35.9415684354803,1.852483610255089,0.3710249917797634,2356,827,947,397,185,1593,0.9180419528504354,0.252576718976484
281668658,0,1.880303,27.357307049452736,1.9598949600052558,0.37592794717557665,2376,796,980,379,221,1574,0.9191202803327578,0.25627641182060706
281668658,0,1.880303,12.288901570042615,1.6043388848797941,0.371463532646328,2455,801,1033,410,211,1577,0.908133557247531,0.2572814314762203
281668658,0,1.880303,33.76371375783733,1.8732017572306012,0.3670110886151632,2453,781,1038,428,206,1609,0.9228082822851233,0.2495231597184606
281668658,0,1.880303,43.056993495148845,1.9050296403460207,0.37788746642471605,2421,808,966,445,202,1481,0.9278596358620782,0.25608737953286637
281668658,0,1.880303,41.079688673114205,2.320601599896768,0.37887231049631453,2392,762,997,428,205,1522,0.9238485882657953,0.2283717733539245
281668658,0,1.880303,16.901162406608698,2.551533895601421,0.38782669391015545,2437,798,1051,396,192,1619,0.9156740683058233,0.24364276127403786
281668658,0,1.880303,16.53989948335446,1.6792203506042536,0.3848947519708531,2445,847,970,425,203,1537,0.8994740208546191,0.25840858383000637
281668658,0,1.880303,10.97369116983558,2.0858071788301493,0.37510401098017176,2360,760,1034,372,194,1709,0.9118028468010732,0.2485004599965211
281668658,0,1.880303,11.313839731011123,1.8451156075261161,0.373872688874958,2421,813,976,435,197,1651,0.8750991163870778,0.2641158117733236
281668658,0,1.880303,26.586383567974632,1.9221650191859663,0.3685585498439372,2396,795,989,380,232,1604,0.9273197687317878,0.2524248331170041
281668658,0,1.880303,48.0719259131541,1.8738391716167353,0.38841130851668465,2356,747,1006,397,206,1495,0.918937559186103,0.24989745080704587
281668658,0,1.880303,25.315542804479854,1.8569797021410066,0.3759798369220974,2413,824,1016,365,208,1587,0.9243389608899533,0.25375412507712397
281668658,0,1.880303,24.59315136088136,1.906587050070622,0.3722580700717795,2456,858,1000,412,186,1552,0.9170315501462746,0.2449974034343038
281668658,0,1.880303,26.249387341371587,1.6069130327517336,0.36598156153772443,2476,831,1012,421,212,1520,0.9309032633915021,0.25625966602045175
281668658,0,1.880303,26.681463536705824,1.8019735239775319,0.3995311083158212,2475,832,1006,413,224,1570,0.9251653149048136,0.23776060092417126
281668658,0,1.880303,7.352283578403292,1.8488413871961697,0.37871849724054385,2425,781,1030,436,178,1638,0.9084708248639936,0.2399568076145604
281668658,0,1.880303,33.391598554497875,1.7314717157547135,0.38312971121698214,2406,753,1027,411,215,1433,0.9224782825842615,0.2617401935217765
281668658,0,1.880303,30.208406146856674,1.718888210600524,0.3975735914257429,2443,780,1055,405,203,1500,0.9202733224969515,0.25511771921007
281668658,0,1.880303,24.9750080144111,1.6250972640316947,0.3766236649135388,2423,817,976,424,206,1554,0.9215237100780556,0.24273720295741347
281668658,0,1.880303,43.05688252545612,1.7816283741858299,0.38742838460035617,2384,833,979,374,198,1548,0.9255303931381027,0.2609268510916455
281668658,0,1.880303,38.643590508502726,1.8909126996637045,0.3649157819999627,2375,785,973,392,225,1526,0.9252158528032197,0.24211792278985772
281668658,0,1.880303,33.930205504353495,2.1519687310851183,0.365381224441577,2321,775,994,369,183,1539,0.9189313459036972,0.24110778475798939
281668658,0,1.880303,12.302098860314073,1.6292282046946305,0.3765921643643002,2374,811,985,384,194,1634,0.8980440222571869,0.24427593801107314
281668658,0,1.880303,38.43832592987663,1.6623279696502027,0.3944922091240059,2384,758,1004,427,195,1480,0.9280052928442112,0.25263578617967564
281668658,0,1.880303,11.752619241158506,1.6627063344605133,0.3815664834421937,2375,763,1016,390,206,1629,0.8892427281373236,0.24913747820497667
281668658,0,1.880303,27.6876394909522,1.7314507080215398,0.36847735448998,2376,788,983,403,202,1549,0.9099497137926752,0.23788295383915428
281668658,0,1.880303,24.63529878303974,2.0572846269218372,0.38152684498545214,2448,842,1018,400,188,1470,0.9257490554966243,0.23894437622533063
281668658,0,1.880303,59.28198814309428,1.6363682319561923,0.36968919790269555,2340,747,975,425,193,1481,0.916363210919812,0.2715705231053682
281668658,0,1.880303,42.72902118569488,1.81807672650174,0.3680991440631104,2358,861,914,396,187,1462,0.9224563131091703,0.25123058217877736
281668658,0,1.880303,35.52538994642744,1.9000836743276623,0.37694176782775063,2370,813,973,403,181,1559,0.9132429407969411,0.2572837874531264
281668658,0,1.880303,24.869626031344183,1.8793839614454706,0.37558278843787474,2403,811,1003,397,192,1616,0.9170886272248171,0.2501358879934483
281668658,0,1.880303,72.9954674742878,2.192225510646454,0.37358786685620604,2257,786,922,361,188,1549,0.9250888651425897,0.23804423378424142
281668658,0,1.880303,60.79570417354013,1.8187917467705093,0.3588145645232525,2367,797,984,400,186,1500,0.9235864772263206,0.25767066569590386
281668658,0,1.880303,28.389124747723542,1.8261262581422288,0.37220893576293157,2454,793,1050,428,183,1513,0.9239704012115982,0.2475224616201046
281668658,0,1.880303,24.212943191942824,1.7000595340274003,0.37841614986605887,2426,784,1035,417,190,1552,0.910324271021636,0.25023083817541414
281668658,0,1.880303,28.281812541063804,1.6878142864964099,0.3819017738560459,2439,807,1006,433,193,1536,0.929002398635875,0.25195639459575125
281668658,0,1.880303,53.613455370757386,1.868358006064583,0.3615751294192005,2260,764,952,351,193,1493,0.9180320221083232,0.22711002528711574
281668658,0,1.880303,15.469154386629135,1.8345396489247692,0.3858034031960608,2408,832,995,379,202,1661,0.9086986544262626,0.2473477326591723
281668658,0,1.880303,8.381839354857064,1.8831087449604933,0.3753618550784834,2418,790,993,442,193,1609,0.8943642980612568,0.24374210751603378
281668658,0,1.880303,16.432694962260623,1.964390517374356,0.3796692579080551,2396,796,1005,381,214,1616,0.9172493605416684,0.24326435164898616
281668658,0,1.880303,18.712839758253327,1.7732696393804281,0.3811948792863776,2352,796,976,396,184,1662,0.9086388843317633,0.2550071471089448
281668658,0,1.880303,19.831925918778083,2.0523774494730036,0.35781988804671566,2431,816,986,403,226,1644,0.9226822449298706,0.2611999882515675
281668658,0,1.880303,37.81835220340364,2.029570864853421,0.37204387287369606,2399,817,961,419,202,1512,0.9279853747913713,0.2310805093985764
281668658,0,1.880303,38.12389675084099,1.9696292911567805,0.366667773278455,2261,726,926,393,216,1532,0.9139866238207762,0.24854938310041913
281668658,0,1.880303,11.420709484149782,1.8478604955757376,0.38385412660771273,2473,821,1046,430,176,1592,0.8923418701234941,0.24337761373870087
281668658,0,1.880303,20.904922212697873,2.1286626276860185,0.3507446381590425,2380,812,961,435,172,1580,0.9167475668693913,0.24391773259389699
281668658,0,1.880303,18.80565063160477,1.9602544566239561,0.3583698863148136,2418,809,1024,406,179,1571,0.9187783399774774,0.2666437220014295
281668658,0,1.880303,51.237758360043266,2.153148995082474,0.3793724122494387,2353,781,1025,367,180,1516,0.9242528845224809,0.2362686909091581
281668658,0,1.880303,39.294974251940495,1.7350510638989223,0.3707120729762206,2383,782,980,416,205,1510,0.9193196328247767,0.25598068121296513
281668658,0,1.880303,24.964215923580227,1.8247660538735184,0.38942769281678985,2409,826,972,420,191,1568,0.9279345092294246,0.2499435134763243
281668658,0,1.880303,48.16513413233242,1.9345070301864584,0.36745951838101015,2361,738,994,420,209,1540,0.9269618475446118,0.2546176199365776
281668658,0,1.880303,16.577907630385287,1.7376948557471816,0.37747145196781845,2409,807,1004,397,201,1645,0.9224814740269753,0.2548891215677022
281668658,0,1.880303,13.032888006212522,1.8379031336494829,0.3679764878255482,2418,812,998,406,202,1528,0.9116941582148793,0.2432468444436077
281668658,0,1.880303,28.804048477103454,1.94256491535531,0.38182622525159915,2347,796,992,373,186,1529,0.9285080652590636,0.24303745410011462
281668658,0,1.880303,60.74722105209642,1.9553315913097202,0.36358538802139123,2315,760,971,412,172,1566,0.9108784048816957,0.24987188106664468
281668658,0,1.880303,24.750031047193808,2.040986969518745,0.3736239546905692,2432,810,984,416,222,1636,0.9152631281420786,0.23424086242379363
281668658,0,1.880303,45.56482327197085,2.399070000178522,0.3788875328638052,2414,772,989,436,217,1520,0.9274695761438533,0.2368796016348954
281668658,0,1.880303,15.79102399142859,2.0462285965735174,0.3670647453252111,2447,829,1046,384,188,1575,0.9108668743948164,0.24126017558540244
281668658,0,1.880303,12.673426592947902,2.010811566826845,0.39436334814735796,2429,783,1024,442,180,1572,0.8843578087956075,0.24280034166134426
281668658,0,1.880303,31.896113885072563,1.9773515697342166,0.3869842356326511,2384,783,990,421,190,1569,0.9053826019661051,0.23653976969630272
281668658,0,1.880303,43.572217769341606,1.6241128014312962,0.3944615547221521,2391,804,976,399,212,1561,0.9255771969477183,0.25587503524078975
281668658,0,1.880303,22.072054643985133,1.5941559874205535,0.3593316761825714,2410,819,963,394,234,1535,0.92019033510333,0.25203220691170786
281668658,0,1.880303,35.2169017076234,1.5958303702293346,0.3837017610553709,2473,802,1060,413,198,1578,0.9249700960944296,0.25178703133130115
281668658,0,1.880303,57.416711343580346,1.638981640925785,0.38525290427072156,2353,771,990,390,202,1508,0.9278687285315393,0.26359000777220476
281668658,0,1.880303,26.28997594004845,1.9930212240769631,0.3704238649784962,2397,787,1002,402,206,1586,0.9045695908677154,0.24463707156666228
281668658,0,1.880303,27.572050763481784,2.0092817630066304,0.38237221105978486,2410,762,1004,437,207,1522,0.92950634263635,0.25413821897263256
281668658,0,1.880303,34.63258196972539,1.9512250332816674,0.3767966712115386,2376,788,969,390,229,1573,0.9246072163753327,0.25133970776273107
281668658,0,1.880303,39.1095540120307,1.8918265701004935,0.37645295782426397,2415,783,990,437,205,1493,0.9267730172141968,0.2629758119031673
281668658,0,1.880303,29.15597289621741,1.8224155970392226,0.36213282701216093,2435,813,1002,388,232,1535,0.902855661743572,0.24956530591058945
281668658,0,1.880303,39.13810934151658,1.7102539947557687,0.38750269197176307,2397,771,996,430,200,1481,0.9175692786259088,0.25941058199989325
281668658,0,1.880303,65.67601105099605,1.6699191128982829,0.36110135710388913,2282,766,967,375,174,1481,0.9234543367768632,0.26548361331657255
281668658,0,1.880303,36.40339446764256,2.061893129980226,0.37447005523342397,2393,797,1011,388,197,1557,0.9221385264451228,0.25804952247444385
281668658,0,1.880303,16.710074345868485,1.93825193168617,0.3816319479803566,2403,816,971,409,207,1588,0.9118584317742079,0.24514824951141093
281668658,0,1.880303,31.016240402964915,1.7850383324196653,0.35973674187995563,2372,822,988,375,187,1526,0.9195024376083497,0.25585804193690853
281668658,0,1.880303,65.23178890810931,2.0157593000164895,0.3593129877359908,2252,714,958,400,180,1446,0.9304370061638134,0.23953860089166618
281668658,0,1.880303,46.56814216908191,2.1370485088552256,0.3584748603964344,2361,799,979,388,195,1577,0.9199868357656238,0.2563936687750387
281668658,0,1.880303,40.17693301200911,1.9327224107448557,0.4030928901833756,2414,790,974,433,217,1534,0.9265351665470378,0.2317811737839885
281668658,0,1.880303,26.97655908257603,2.0798421302957855,0.3655543842212347,2351,794,997,349,211,1519,0.9228056107163137,0.23636665201625093
281668658,0,1.880303,35.736777806745,1.9956509163677099,0.39951266378176153,2405,814,1008,404,179,1449,0.9179395578554208,0.24549861953967833
281668658,0,1.880303,37.759885632076085,1.7646069671844544,0.37396254075177054,2430,833,999,400,198,1484,0.9019314983664621,0.25740839328056414
281668658,0,1.880303,35.00556647720961,2.0682187909764456,0.3679834121510892,2368,797,1002,368,201,1469,0.9090854715748042,0.24950761785717204
281668658,0,1.880303,43.88880807424631,1.8446304741817636,0.38782800104612003,2370,782,1000,396,192,1513,0.9197141750774805,0.24800657488770972
281668658,0,1.880303,10.85359661303226,1.9033161748337821,0.37643731539792197,2410,824,1009,388,189,1649,0.898203001133202,0.26286194341751623
281668658,0,1.880303,45.860167640438576,1.705293391994523,0.38989538723657974,2384,815,958,404,207,1500,0.9212362272013281,0.2521552924038546
281668658,0,1.880303,44.06474766121512,1.8058553284992558,0.38441200560660943,2369,757,985,438,189,1436,0.9120131924595882,0.24842717532060057
281668658,0,1.880303,27.059726268481548,1.8982482397247642,0.36774825891779633,2330,806,966,383,175,1565,0.9112596525219693,0.256476353666962
281668658,0,1.880303,12.90787209224568,1.6610197023829187,0.36750095604893795,2384,799,950,401,234,1581,0.9006422180835123,0.24913988004179577
281668658,0,1.880303,11.540419499113897,1.9830474208118722,0.37195117889640295,2431,819,1004,416,192,1617,0.906713604763574,0.24452439823602304
281668658,0,1.880303,11.199733870738635,1.6607680885592444,0.3795123140712369,2447,831,1010,389,217,1578,0.912112927876224,0.24756664667508765
281668658,0,1.880303,23.47718377484439,1.8224290245011228,0.3524809892016795,2345,783,954,420,188,1540,0.914181822176694,0.25488529344660166
281668658,0,1.880303,21.99504874543232,1.986625300521299,0.40095851877540045,2467,836,1004,412,215,1576,0.902968040146059,0.2438140377741365
281668658,0,1.880303,41.241854150383446,1.915590078839334,0.37660743223315774,2376,779,959,432,206,1590,0.9280020428082216,0.23822211307925079
281668658,1,1.343074,1.6594330994900053,1.378832091793546,0.3605180904560126,2417,797,1046,374,200,1655,0.006964587586201379,0.002471915959813894
281668658,1,1.343074,1.7277103733790848,1.4244596720386713,0.3391337439302717,2431,762,1051,392,226,1639,0.6973996214620299,0.2546969922279801
281668658,1,1.343074,1.427983962927134,1.4474269924723715,0.3436115934691711,2440,797,1026,402,215,1637,0.6542339008111341,0.25249927915641
281668658,1,1.343074,1.5821758321885613,1.3800832801296592,0.3481111399135316,2423,798,996,417,212,1655,0.6689543529551186,0.26474488785240435
281668658,1,1.343074,1.5735007111406907,1.4505594271951288,0.3384003761214358,2492,843,1004,426,219,1585,0.6740142435576267,0.23354676980053263
281668658,1,1.343074,1.8570881212571824,1.4887371042326378,0.3537834956646631,2450,813,1044,400,193,1622,0.693174761302361,0.241279642397909
281668658,1,1.343074,1.5555895411954774,1.3096051096881245,0.33546160298145733,2498,825,1047,409,217,1570,0.681505231446619,0.2437415638801719
281668658,1,1.343074,2.0073097634792028,1.2599153788835624,0.3496262134288457,2483,842,1012,420,209,1592,0.702172148781534,0.2605784180239502
281668658,1,1.343074,1.6989377612248124,1.3242673873064923,0.35702009781659455,2449,796,982,437,234,1627,0.688829972360852,0.2522460227239466
281668658,1,1.343074,1.6679802278072606,1.4301510043482175,0.3573609042243165,2414,793,1031,395,195,1661,0.6690207948886722,0.24809446657869258
281668658,1,1.343074,1.876421261463932,1.4077128759424447,0.34086383028823714,2453,837,1022,380,214,1608,0.6904192170969982,0.2550785302524942
281668658,1,1.343074,1.6236255335933067,1.3845278488820558,0.3522930034466871,2455,822,1008,412,213,1618,0.6698054178782071,0.2406200227305268
281668658,1,1.343074,1.90433090760277,1.4166038195603445,0.34980881462421015,2428,822,996,421,189,1644,0.6843594395218664,0.25240928372213867
281668658,1,1.343074,1.8641476812179318,1.3168730795044346,0.3409330612770001,2409,828,1013,377,191,1663,0.6880305731611476,0.24242146707621334
281668658,1,1.343074,2.0109107019020236,1.3662474266641698,0.34456555519541693,2414,832,1010,387,185,1649,0.6679752052071461,0.2475316835757447
281668658,1,1.343074,1.636748179411684,1.4638595308704898,0.3379709875506376,2415,850,976,398,191,1660,0.6759278546820381,0.25825995970779964
281668658,1,1.343074,1.8694951747183048,1.3386849243231702,0.3486224570091455,2433,815,1026,399,193,1639,0.6928561265030266,0.25528005209337024
281668658,1,1.343074,1.4418135206599885,1.300896881137689,0.347706238269151,2485,855,1024,399,207,1592,0.6642494648254971,0.25142767236672503
281668658,1,1.343074,1.8741292829419935,1.207963497530221,0.34879062213394185,2483,799,1058,428,198,1595,0.6815534511820931,0.24407111020266167
281668658,1,1.343074,1.662350098597131,1.4561116474217488,0.35220650415840776,2477,838,1019,404,216,1598,0.6761827974766592,0.23190562067041676
281668658,1,1.343074,1.8302512723935067,1.374333080549838,0.358128019346292,2464,859,1023,389,193,1609,0.6913597951351172,0.2514190898977409
281668658,1,1.343074,1.7558347809531403,1.323818691174388,0.3375912036633376,2480,829,1045,397,209,1597,0.674943866350402,0.24588228576092064
281668658,1,1.343074,1.4990152705658948,1.3842025620060903,0.3503294188695227,2490,861,1009,415,205,1589,0.658514956307523,0.2372556177988836
281668658,1,1.343074,1.8048889170051918,1.4325693928332384,0.3615430134145229,2424,790,1005,416,213,1654,0.6877385817346353,0.23641147236619078
281668658,1,1.343074,1.8007594823726487,1.2396516287000705,0.3488299667183518,2459,841,1027,408,183,1617,0.6961349401319126,0.2461504579686018
281668658,1,1.343074,1.453152970890492,1.4018108343928606,0.33935652210347933,2438,809,1011,409,209,1631,0.6598282990641312,0.24633400099735828
281668658,1,1.343074,1.715038708695483,1.3492803881298954,0.3447515051372047,2448,799,1066,380,203,1628,0.7061879656482392,0.2558547191536533
281668658,1,1.343074,1.4045100719104695,1.3115775783200425,0.33692703427359805,2415,795,1008,426,186,1640,0.6593407622086531,0.2402095251520897
281668658,1,1.343074,1.7394893740631154,1.3406766135515709,0.35636889308790715,2436,822,980,436,198,1641,0.6707587088978749,0.2599768914516532
281668658,1,1.343074,1.6809209747282012,1.3621355466034337,0.3449903109756714,2407,816,1002,405,184,1672,0.6813431398874362,0.24815209829332854
281668658,1,1.343074,2.0239085177996667,1.3627720223732518,0.34714405505752965,2372,783,1031,362,196,1687,0.6774896325840498,0.24069532250523828
281668658,1,1.343074,1.770685845443746,1.35673285080965,0.3312162271737602,2461,803,1054,408,196,1615,0.6735210408404128,0.23686780643070596
281668658,1,1.343074,1.6370063050315404,1.3685906598072493,0.34742532337515836,2482,791,1034,439,218,1590,0.6769883111132887,0.2422727757296692
281668658,1,1.343074,1.6893428837029936,1.3936817726086626,0.3510731990558526,2471,846,1016,403,206,1605,0.6730098181830516,0.2563665422267146
281668658,1,1.343074,1.6017505637962668,1.226979290388139,0.35672733791061495,2498,816,1028,405,249,1577,0.6628198954902823,0.23301564262195446
281668658,1,1.343074,1.8532062405528564,1.2322556384139918,0.35631889629589747,2434,802,1013,404,215,1645,0.676932587828336,0.25250106361969193
281668658,1,1.343074,1.4487465998909885,1.2070164167195057,0.36640243787246685,2465,821,1026,386,232,1614,0.6522544066533452,0.25316235331669107
281668658,1,1.343074,1.665181804146226,1.3487558602027734,0.3507256304896427,2455,853,1010,393,199,1619,0.6615624974754896,0.24938876085905312
281668658,1,1.343074,1.6705823183027582,1.36898761746144,0.3675470878723255,2446,836,1018,396,196,1631,0.664487023168397,0.2631570143523101
281668658,1,1.343074,1.5275349115334282,1.4784885163343406,0.3367236366719111,2389,810,982,411,186,1689,0.6710409443881822,0.24305234629725128
281668658,1,1.343074,1.7906633000839935,1.4075654841248162,0.3476024767767877,2466,816,1029,383,238,1606,0.6845242688047661,0.2372626683321063
281668658,1,1.343074,1.5730709572240529,1.4090514791207007,0.3472385494723314,2475,851,964,445,215,1603,0.6793849793189263,0.25176787809542817
281668658,1,1.343074,1.6125234559285173,1.4032053287510693,0.34325328307507635,2376,771,988,416,201,1692,0.6706482914454651,0.25314609795216225
281668658,1,1.343074,1.3937840070546996,1.297054190031348,0.36651093746849445,2468,851,1011,408,198,1604,0.6448215239499526,0.25481768665828214
281668658,1,1.343074,1.6272454742718503,1.3436615316213345,0.35831330972001185,2417,784,1018,411,204,1659,0.691096035463591,0.25981015324800844
281668658,1,1.343074,1.4116492143223835,1.2854158105725202,0.3426846283474659,2474,818,1037,418,201,1603,0.6475740688701719,0.2427743408519305
281668658,1,1.343074,1.6380812309887876,1.1816407243856242,0.3509232534267354,2497,805,1042,424,226,1573,0.6778627451099951,0.2418320967482429
281668658,1,1.343074,1.7121170124049843,1.380485533486846,0.3512102428112753,2475,824,1013,420,218,1593,0.6699116715178981,0.2295277587970687
281668658,1,1.343074,1.4897482621361273,1.2958616693562697,0.3393456251819484,2502,817,1049,421,215,1571,0.6619482663863617,0.252713775735501
281668658,1,1.343074,1.7957659313559824,1.2789218909797733,0.34657993422969335,2423,795,1016,402,210,1649,0.6822031649114684,0.24682936999800473
281668658,1,1.343074,1.4457244080167262,1.3568699975853684,0.34280740119948117,2491,827,1042,425,197,1575,0.6622877097377946,0.24197637469147942
281668658,1,1.343074,1.3777636264105062,1.42517414587667,0.3447957203688745,2466,830,1048,377,211,1609,0.6466584933333007,0.26053164663439504
281668658,1,1.343074,1.5691968601633726,1.3612031324980063,0.3646498990475558,2437,767,1055,411,204,1634,0.6492349676543655,0.2525021769893643
281668658,1,1.343074,2.0202378817678066,1.5084674532632383,0.3363569658887129,2394,805,984,398,207,1680,0.6941396243260597,0.2480400073246314
281668658,1,1.343074,1.5762809249194465,1.2788318343394611,0.374032497437491,2481,825,1031,401,224,1594,0.6619489922103144,0.25827839908263095
281668658,1,1.343074,1.3514327793789993,1.4394395069766643,0.3605452038522863,2468,885,975,416,192,1608,0.6659797195023263,0.2458212314258811
281668658,1,1.343074,1.6023356108151625,1.5248433858832515,0.3493227096514137,2427,820,992,397,218,1647,0.6696722239412397,0.2500365853466616
281668658,1,1.343074,1.468431479723415,1.4482412145724237,0.3559625937382714,2428,781,1076,374,197,1649,0.6464954144844314,0.2601358624109086
281668658,1,1.343074,1.529916613036625,1.3393678343726956,0.3355766611405971,2486,842,1033,418,193,1593,0.6558318858158922,0.24831695521269548
281668658,1,1.343074,1.5600143549107335,1.3586768578190935,0.3484885564438497,2430,804,1005,388,233,1648,0.6814559930337104,0.2592099320009802
281668658,1,1.343074,1.6067902071113456,1.4071165892956052,0.3531128252434336,2389,789,985,410,205,1689,0.6575577031327663,0.24882566636483988
281668658,1,1.343074,1.522505005095883,1.2476625607657548,0.33859303914674643,2479,842,1011,424,202,1595,0.6560693568928737,0.24234085077535283
281668658,1,1.343074,1.5155681221002937,1.3569721571449131,0.33644442438191885,2502,836,1068,409,189,1577,0.6672382202008955,0.2476488228624604
281668658,1,1.343074,1.5343879816656598,1.4063468223379423,0.36348466370157195,2482,834,1023,406,219,1591,0.6718933278067556,0.2609242069007804
281668658,1,1.343074,1.776437111266485,1.4013179128847886,0.35324771216474904,2442,856,1041,375,170,1635,0.694245221881774,0.24017757576380375
281668658,1,1.343074,1.699810807160179,1.3787222733645068,0.3444317964051935,2415,814,991,396,214,1662,0.6766484304506902,0.25069368584588025
281668658,1,1.343074,1.9319610787562003,1.3514401328514698,0.35298927072358943,2399,818,988,393,200,1680,0.6931828366468807,0.2328625070388956
281668658,1,1.343074,1.6956705043653593,1.434364112734259,0.34855005413978346,2414,798,1021,406,189,1665,0.6825055905493714,0.2433313310614116
281668658,1,1.343074,1.6159392736584757,1.3949734675574468,0.3373436901425597,2472,799,1055,422,196,1607,0.6831752608944108,0.24835311675835448
281668658,1,1.343074,1.6315300637418502,1.3013039954293466,0.3472507497589999,2456,808,1067,380,201,1618,0.6842194332018259,0.23101564018710202
281668658,1,1.343074,1.6694099969156928,1.3189832957089918,0.3411549039937497,2438,832,999,386,221,1631,0.6391809323563841,0.24434331294660347
281668658,1,1.343074,1.7989714004810358,1.3554522529821138,0.3440297363431005,2469,833,1003,423,210,1607,0.6882998460596864,0.23677425662323145
281668658,1,1.343074,1.5931662514963352,1.4943393747881173,0.3393095433890259,2485,822,1035,424,204,1586,0.6641687130556069,0.2521665481257779
281668658,1,1.343074,1.5043081028347423,1.5144988167019342,0.34884838268758633,2449,804,1050,396,199,1621,0.6479696992942885,0.24203403071561294
281668658,1,1.343074,1.5457707755327472,1.3329206556490172,0.35332126114277784,2419,833,952,430,204,1659,0.668252791355449,0.25393259623620157
281668658,1,1.343074,2.211188840252092,1.3239185019934343,0.3428915274164935,2496,829,1067,386,214,1574,0.7225998881432769,0.24798517934824038
281668658,1,1.343074,1.7826876326321583,1.4245836104539165,0.3484725406099396,2407,832,955,405,215,1671,0.6919807708727623,0.2513506601142712
281668658,1,1.343074,1.845078083456459,1.5454206124926126,0.3392763837865878,2403,761,1039,405,198,1665,0.6801102981678051,0.24890718556048358
281668658,1,1.343074,1.974488566269986,1.516068190214231,0.34096472284867546,2447,807,1011,403,226,1625,0.6835493080707844,0.24817746876715502
281668658,1,1.343074,1.6927060642486687,1.3469283664753626,0.3374459424644924,2420,815,1021,396,188,1656,0.6651109927211137,0.24625578869160256
281668658,1,1.343074,1.4824100599279462,1.3922968562999258,0.3501192759912969,2475,844,1009,431,191,1601,0.6714195334168035,0.23876182829849138
281668658,1,1.343074,1.5027293237278645,1.3421997494233848,0.33562334393299,2437,840,980,427,190,1636,0.6383295849513534,0.24163433891199051
281668658,1,1.343074,1.5938029434121008,1.3784504565322122,0.3340280142125518,2428,826,1003,381,218,1650,0.6651530030102675,0.24684066204480795
281668658,1,1.343074,1.6310466844665992,1.4002630675398098,0.34186887468159083,2441,798,1049,414,180,1634,0.6689368824602061,0.24917945750424703
281668658,1,1.343074,1.6781687004906913,1.3653594939677398,0.338528583438212,2404,806,992,384,222,1674,0.6694018683023575,0.2595151923305147
281668658,1,1.343074,1.6031053974755107,1.3083387047969097,0.3636724014591501,2533,850,1036,418,229,1546,0.6747231127989837,0.24426865008072057
281668658,1,1.343074,1.7712062862232316,1.475463051826966,0.34379227798946566,2424,836,974,398,216,1655,0.674251943589336,0.24321438651562954
281668658,1,1.343074,1.4296425204970964,1.4374993136581262,0.34251778123911747,2440,827,1024,403,186,1634,0.6595072995898985,0.24858759341563447
281668658,1,1.343074,1.5207752274158115,1.3761352555649011,0.34121382385836335,2423,801,1012,394,216,1656,0.6656731524110951,0.25181348656406016
281668658,1,1.343074,1.739830656472632,1.320280015539701,0.34973686175516355,2424,816,999,404,205,1651,0.6820450079595899,0.25500724146263626
281668658,1,1.343074,1.8017705632453391,1.2719052046929642,0.35189570806390047,2464,804,1037,392,231,1607,0.7036814911733952,0.26106854012373615
281668658,1,1.343074,1.6924409255315827,1.5173115190831585,0.3462764837422283,2428,776,1046,397,209,1649,0.6572161071447226,0.2336210867260805
281668658,1,1.343074,1.692732292811634,1.4330448054615437,0.3624130604615096,2475,826,1026,413,210,1603,0.6645692067565753,0.24045649616172932
281668658,1,1.343074,1.6379300505808845,1.36216305875798,0.3553614310242005,2471,845,975,434,217,1603,0.6923497065285912,0.2521697578667453
281668658,1,1.343074,1.7147506370041932,1.4808037462680161,0.3479092721632719,2327,760,993,372,202,1752,0.6548687710645706,0.2548322127015211
281668658,1,1.343074,1.5282152764620451,1.3321270843918667,0.34328821479765287,2444,873,992,395,184,1635,0.6653922649652204,0.23918444589545182
281668658,1,1.343074,2.004637111351988,1.3553118295397115,0.35242228652689267,2475,829,1037,421,188,1604,0.6726939944321471,0.23870825826993708
281668658,1,1.343074,1.3905377627448208,1.5759813313128515,0.34746991277844247,2476,806,1058,405,207,1593,0.6627513031260818,0.24360752574474345
281668658,1,1.343074,1.7719286796930442,1.3580621591969466,0.3662019404340517,2495,819,1044,441,191,1575,0.6721322836827188,0.23808549600898335
281668658,1,1.343074,1.4095893392993266,1.4104318046760012,0.3521623752953722,2401,767,1002,421,211,1673,0.6648299413229491,0.24187966010784648
281668658,1,1.343074,1.5567529201759012,1.342294402660153,0.3470525574213506,2452,767,1064,412,209,1626,0.6627830368619776,0.2529343123005008
281668658,1,1.343074,1.7181385221710934,1.3539224458033086,0.3570632154615265,2530,836,1083,432,179,1546,0.6758073775503299,0.2328931425904236
281668658,1,1.343074,1.637509393942754,1.3764068886820235,0.3432482641585526,2463,796,1086,390,191,1616,0.6771468436807834,0.23650909342175838
281668658,1,1.343074,1.650149123001006,1.219642801837147,0.3630669757115414,2455,843,965,422,225,1622,0.685689351737976,0.2678654637892736
281668658,1,1.343074,1.6658836543935824,1.2633830622752225,0.35039544789017496,2458,812,1025,411,210,1621,0.6729867819314282,0.25812637330428134
281668658,1,1.343074,1.488859292172005,1.4386104779207693,0.33485862052174536,2446,796,1042,408,200,1631,0.6540614052432602,0.24670886652309468
281668658,1,1.343074,1.5502436923232243,1.3644137028189476,0.35802998872066694,2411,762,1032,413,204,1668,0.6813376916523638,0.24300135401119613
281668658,1,1.343074,1.6966136187849283,1.4005507366247012,0.3575865623629588,2407,796,1033,386,192,1671,0.6834973820205014,0.24807449886635763
281668658,1,1.343074,1.614077975462662,1.405151777938077,0.3404329717888174,2450,831,1041,368,210,1622,0.6738132232302879,0.24473046143549645
281668658,1,1.343074,1.4483667140146967,1.5726131919695125,0.3581370931761525,2408,822,967,410,209,1669,0.6768922794811464,0.251346138951147
281668658,1,1.343074,1.484291520295441,1.5373183317378163,0.343347612110234,2417,777,1049,409,182,1653,0.6697518648574998,0.23768831462626724
281668658,1,1.343074,1.4579700960181918,1.3567083300930574,0.33740461673294503,2447,814,1024,393,216,1630,0.6538102059640808,0.24456815802835316
281668658,1,1.343074,1.496803383471763,1.3255765893940459,0.3428106803852627,2443,794,1022,424,203,1636,0.6715763964669896,0.25184348076821017
281668658,1,1.343074,1.4899279820954974,1.390673928062585,0.346178351161995,2457,831,1009,416,201,1618,0.6653548421267979,0.24380639925801528
281668658,1,1.343074,1.3343271834812072,1.3398963594837814,0.3467424372731616,2449,784,1019,422,224,1625,0.6275917511459174,0.23593886753640106
281668658,1,1.343074,1.7065398504809428,1.474902555763005,0.3504464772959939,2451,819,1022,407,203,1625,0.6745822537170009,0.2379352199592242
281668658,1,1.343074,1.56074599323656,1.4042608263824294,0.3401315043320895,2390,770,1010,399,211,1684,0.6672512100157213,0.247475662508499
281668658,1,1.343074,1.7101584831154528,1.47711464844534,0.34474737952315737,2442,781,1013,424,224,1637,0.6915436116835852,0.2580640964134378
281668658,1,1.343074,1.6668181200188934,1.3225268569349427,0.3400438769061966,2447,839,987,430,191,1629,0.6538729273324595,0.24431787896594312
281668658,1,1.343074,1.5852159900669507,1.3990167445823936,0.34547223133523974,2477,803,1069,427,178,1602,0.6953855312432493,0.2574335131415862
281668658,1,1.343074,1.6561949869267145,1.4758307270761108,0.3503462192739024,2455,808,1050,394,203,1622,0.6819996333406837,0.24342343738594843
281668658,1,1.343074,1.7312511057511046,1.3504531388486922,0.3406037247140942,2417,857,957,391,212,1662,0.6663230335575412,0.2513456161195767
281668658,1,1.343074,1.4877639614510545,1.369376479643206,0.35400006822234825,2465,834,1018,423,190,1609,0.660205831553837,0.2534533650149777
281668658,1,1.343074,1.6398322099131255,1.4237029916357642,0.35269883707966987,2399,779,1003,399,218,1656,0.6555185342912094,0.2458153436469623
281668658,1,1.343074,1.6733580254459968,1.4060356277411048,0.35964269493327367,2487,822,1055,412,198,1583,0.6842423133721063,0.2486580512865088
281668658,1,1.343074,1.4901923897924754,1.4275838354371793,0.3335709207628843,2466,776,1065,410,215,1611,0.6519463911342095,0.2434417885153322
281668658,1,1.343074,1.9102281712236258,1.4140457922105931,0.34642791250141863,2384,774,992,423,195,1694,0.6817064708848433,0.2526342906963101
281668658,1,1.343074,1.8364142422405743,1.403475338503591,0.3470323312268021,2389,799,935,434,221,1689,0.6740049129731663,0.2508974367549392
281668658,2,1.074459,0.9404205455981678,1.2884651102664306,0.3375856169666588,2446,804,1026,411,205,1633,0.0028954507331015815,0.0012415342391739281
281668658,2,1.074459,1.0894742876599472,1.1644522164571987,0.3239614081392727,2446,852,1033,387,174,1631,0.5318941515674268,0.2253081037352697
281668658,2,1.074459,1.1594570815793364,1.1473169323413845,0.3358515678478313,2482,824,1037,412,209,1595,0.5504561250822575,0.22488883597443501
281668658,2,1.074459,1.0304894121258115,1.206479639563258,0.32448074532689025,2491,816,1044,403,228,1586,0.5311881535396601,0.23391331288539893
281668658,2,1.074459,0.9105015377580389,1.289713318043234,0.31761320645872565,2455,848,1029,388,190,1623,0.521443204099187,0.22521178193731803
281668658,2,1.074459,1.0533837589873734,1.1889185500629298,0.3321916141963255,2461,822,1032,397,210,1613,0.5326317039955596,0.22667903157278044
281668658,2,1.074459,1.051597535896829,1.2160980555303573,0.3342570473908979,2450,797,1061,397,195,1617,0.5293550559535778,0.22016143958388248
281668658,2,1.074459,1.056501851543101,1.1180120604690837,0.33696817666690926,2470,837,1041,403,189,1607,0.5431779198814622,0.21859896453904082
281668658,2,1.074459,0.9993163707288177,1.1547005358582425,0.3345639496403014,2371,777,998,385,211,1707,0.5331109692033966,0.23236263362157178
281668658,2,1.074459,1.0804139230158312,1.1675627192731497,0.32212707840757554,2451,799,1017,418,217,1627,0.5209742487505494,0.2203442726861571
281668658,2,1.074459,1.0622920993708311,1.2469868742384314,0.33732171944328043,2471,808,1036,416,211,1605,0.5380465560931037,0.23090159315685227
281668658,2,1.074459,1.0842136674508953,1.235584241201369,0.33205301932024384,2459,787,1038,421,213,1616,0.5476619399833761,0.2366470708522632
281668658,2,1.074459,1.0287056684262899,1.2555032884071562,0.34792001258361904,2445,842,968,421,214,1634,0.5444222728059003,0.2336653629867336
281668658,2,1.074459,0.8904574069679785,1.1318385534730084,0.31028959386335664,2376,812,965,410,189,1700,0.5081110034693918,0.22291087406632978
281668658,2,1.074459,1.0066696133205335,1.1480915901061481,0.335875757973963,2445,828,996,424,197,1634,0.5263010865114724,0.2259266369987297
281668658,2,1.074459,1.080671506248538,1.1085263655135251,0.3285919645050078,2509,834,1014,451,210,1567,0.5504278279077869,0.224668187414958
281668658,2,1.074459,0.9748176396437112,1.1930782031951812,0.3568164331359324,2414,839,1001,364,210,1663,0.518680279150765,0.22684911389862591
281668658,2,1.074459,1.0600384673110272,1.1943472367712085,0.33820391242325054,2463,834,954,431,244,1615,0.5521919576007155,0.22289326745644575
281668658,2,1.074459,0.9715257402226996,1.1409382468871077,0.3319161557958137,2429,850,1000,412,167,1647,0.5331105672951845,0.22264566548610668
281668658,2,1.074459,0.9824362853628704,1.165009320132514,0.3459246853068233,2466,818,1011,425,212,1612,0.5263696465450584,0.21979874044709755
281668658,2,1.074459,0.9854050628358053,1.2988309342938844,0.33103673501685377,2404,828,1002,381,193,1672,0.5421969636896004,0.2263791875522243
281668658,2,1.074459,1.0480555383224728,1.208834543470282,0.3372510481069928,2403,785,998,436,184,1671,0.534567209406192,0.22864098844137656
281668658,2,1.074459,1.037817590312523,1.3113919378484995,0.323381594817548,2402,800,1010,415,177,1671,0.5455443862689542,0.22203495198953133
281668658,2,1.074459,1.033623884452227,1.325018972756026,0.336844918723317,2402,790,1044,383,185,1672,0.5272891260094834,0.2341423359075462
281668658,2,1.074459,0.9303568279350659,1.2921087876434414,0.32929530762499654,2502,816,1049,431,206,1577,0.5157031108243973,0.22681747589434903
281668658,2,1.074459,1.065758786785759,1.2177586438640353,0.33193914835977684,2449,815,1010,417,207,1626,0.548256581679172,0.23138760475329706
281668658,2,1.074459,1.0433533019417316,1.2129652484596933,0.34190189820285455,2428,840,975,399,214,1651,0.5417527433063223,0.21851639295023556
281668658,2,1.074459,1.0526329825878418,1.3986686116912916,0.3313016270870041,2403,780,1015,413,195,1675,0.5351360427685925,0.2395187067369546
281668658,2,1.074459,1.0975627443841283,1.2522384994070626,0.32998194634294475,2430,819,1012,397,202,1648,0.5410725902495415,0.23886370695056253
281668658,2,1.074459,1.015693179666749,1.1762048751029406,0.3308942997787868,2458,846,1032,386,194,1616,0.5371585812220091,0.23577396105289233
281668658,2,1.074459,1.070098307685225,1.110903161567545,0.3525833146218419,2455,763,1058,415,219,1621,0.5464421373797492,0.24070618843396666
281668658,2,1.074459,1.0815117002810877,1.3122872626348487,0.3418879791662049,2441,837,983,424,197,1635,0.5455995636878257,0.22882393458007658
281668658,2,1.074459,1.0745536500313972,1.2609079252893944,0.32888504871340823,2452,782,1004,441,225,1624,0.5517806281212707,0.2272290433137111
281668658,2,1.074459,1.0554758984397132,1.3137963725045303,0.34288848113460446,2442,782,1040,408,212,1636,0.5383304816220891,0.2361631015501756
281668658,2,1.074459,1.0081772249167265,1.2332973951440118,0.31703381927109575,2463,824,1046,389,204,1616,0.5386934970480718,0.23251581889327388
281668658,2,1.074459,0.946112024268577,1.054014796826805,0.33675951040706403,2423,842,956,429,196,1648,0.5095702587195682,0.22696968131502
281668658,2,1.074459,1.1793339890863572,1.1302515347377073,0.33153056216738197,2485,818,1053,427,187,1592,0.5448385167222465,0.2162754242461019
281668658,2,1.074459,1.0980495580779448,1.2723275908567238,0.32597480918966004,2422,797,1011,393,221,1655,0.5520877355058771,0.23164061052330925
281668658,2,1.074459,1.0081881502913888,1.113144098473806,0.31717576219502724,2475,866,1021,399,189,1602,0.5271475274742323,0.22354393245193344
281668658,2,1.074459,0.9080538014713001,1.116321910429103,0.3255949563067993,2461,817,1038,395,211,1615,0.5164457258896923,0.22334165582372154
281668658,2,1.074459,1.0181358477478866,1.2009664000056057,0.31645592814733936,2452,830,1029,392,201,1627,0.5405857194719579,0.22879975951191805
281668658,2,1.074459,0.9745138544997544,1.2530494936966008,0.33279005727705363,2390,800,1015,403,172,1684,0.5255046794633536,0.22432148737602323
281668658,2,1.074459,1.1298501065410183,1.214685701225148,0.3417521995176492,2453,838,955,447,213,1623,0.546763072743583,0.23084579540374842
281668658,2,1.074459,1.1044347782774233,1.190356352254179,0.33070048969335086,2423,820,996,391,216,1651,0.5461113217536596,0.21433910887042235
281668658,2,1.074459,0.9521922018597039,1.1254319474910817,0.3329666798622958,2472,840,1040,389,203,1602,0.5148945837719798,0.21847554969118232
281668658,2,1.074459,0.9928600021924116,1.2465456996203754,0.3308582212380982,2414,763,1048,414,189,1661,0.5299917315080118,0.23861826535072536
281668658,2,1.074459,1.0001204019288463,1.2807328450988542,0.3379391848016646,2413,807,982,423,201,1665,0.5423441180902003,0.22487770546412983
281668658,2,1.074459,1.0436983705730496,1.1305581217703007,0.34530623577948544,2450,766,1027,452,205,1626,0.5257450112397395,0.22413295457066537
281668658,2,1.074459,1.0574671796380426,1.1465517813349348,0.33440248262343547,2367,761,1036,383,187,1712,0.5433852415832611,0.23411084918547836
281668658,2,1.074459,0.9858743448240281,1.140642048061741,0.3341955837249999,2466,838,999,421,208,1613,0.5346094670960352,0.23395332422488163
281668658,2,1.074459,0.9584806669770107,1.2751933524862156,0.3392190297216116,2445,800,1021,424,200,1634,0.5188575599416364,0.22032550296993697
281668658,2,1.074459,1.017256937370632,1.4399604853622554,0.33957757408004047,2407,806,1020,368,213,1670,0.5295351787665113,0.22119014869339568
281668658,2,1.074459,1.0032233222099154,1.1884631250124413,0.33235883308033837,2432,795,1040,384,213,1645,0.5353772296397589,0.2183749152004845
281668658,2,1.074459,1.1543720590297475,1.196631975501167,0.3336419130872352,2453,772,1083,396,202,1622,0.5558500556375555,0.22385865008463657
281668658,2,1.074459,1.0734278048782722,1.2338796889891328,0.324286986948962,2484,846,1074,367,197,1591,0.5337720418677752,0.22322826179897653
281668658,2,1.074459,1.0814699972469972,1.2806578145115544,0.34238236947857065,2470,806,1019,416,229,1606,0.5472483299279315,0.21700957080229213
281668658,2,1.074459,1.021944611766521,1.2356828700302578,0.3391434662324395,2450,850,994,419,187,1626,0.5349307032886214,0.23455886052027097
281668658,2,1.074459,1.0321363855574066,1.201977681841352,0.335426847072275,2456,810,1055,390,201,1623,0.5236757220319799,0.2204361617739014
281668658,2,1.074459,0.9671522404675458,1.1588649392079577,0.3197216859665996,2411,767,1070,377,197,1664,0.5361297367119918,0.23357944161320685
281668658,2,1.074459,1.1142218818370266,1.3401361258655828,0.3308989221113734,2414,842,981,412,179,1661,0.5421703043072996,0.21985050235012837
281668658,2,1.074459,1.0721238481046267,1.203041515129653,0.32547629009220047,2406,786,1002,420,198,1671,0.5357682297840586,0.2330632753462401
281668658,2,1.074459,0.9572131760671658,1.1376048249500685,0.32867651386699237,2452,835,952,440,225,1625,0.5216772106310477,0.22062335290165616
281668658,2,1.074459,1.0619546244623868,1.158296057893926,0.33203345606148116,2455,787,1038,417,213,1622,0.5534300271157501,0.22916041446989022
281668658,2,1.074459,1.0069365294880441,1.2504639433720544,0.33104248372163303,2485,875,1011,412,187,1593,0.5348140495792929,0.23132037911671757
281668658,2,1.074459,1.059101854657435,1.220069195478442,0.33070072676003803,2404,817,988,392,207,1673,0.5345944057662889,0.22189782971746028
281668658,2,1.074459,1.074784779579949,1.1355336557298823,0.32756253339274644,2483,856,1015,402,210,1596,0.541127693867308,0.22437396911989976
281668658,2,1.074459,1.0284814063527945,1.180703708501797,0.3255974761263459,2439,811,1024,386,218,1638,0.5300026091509199,0.22268123519184557
281668658,2,1.074459,1.113588476794528,1.217332659606338,0.33607188974047997,2433,804,1027,404,198,1643,0.5552729863681903,0.2307397095245844
281668658,2,1.074459,1.0687181973224185,1.2450545858433417,0.3344666196511108,2504,840,1048,394,222,1573,0.5400970494650223,0.2147769183074064
281668658,2,1.074459,1.0562564335716242,1.1433763446706773,0.3386965673502265,2467,814,1012,417,224,1612,0.53356306791836,0.21389283606468354
281668658,2,1.074459,1.0147491505773965,1.176840033701712,0.3302470230820494,2402,765,1028,397,212,1677,0.5340258248911917,0.23336462746667733
281668658,2,1.074459,1.0398569474649257,1.1887424832166247,0.31970240393079774,2387,804,999,375,209,1688,0.5470684848709999,0.21517707207811995
281668658,2,1.074459,1.1390749573594532,1.240168412421091,0.31763652924795494,2383,796,1013,378,196,1695,0.5512192102111728,0.23065262938525005
281668658,2,1.074459,0.9919901712485303,1.2234395109049607,0.33755064811714014,2455,804,1040,422,189,1622,0.5310637715498753,0.22889331602335206
281668658,2,1.074459,1.0906766768732972,1.290794051685356,0.3386164566890656,2465,863,981,421,200,1609,0.5460656264293584,0.2159380481027453
281668658,2,1.074459,0.9939750130406163,1.1904170734535504,0.33241325161744106,2431,823,987,416,205,1643,0.5332599304952866,0.22142312954474738
281668658,2,1.074459,1.064769703253296,1.2475663782120843,0.3398729518500521,2488,839,1040,400,209,1589,0.5595854002058477,0.22024055099493386
281668658,2,1.074459,1.0181297067520465,1.2194264404973856,0.33845609520082076,2450,799,1035,426,190,1626,0.533878943120663,0.2239352221241893
281668658,2,1.074459,0.9388033025877189,1.2215459576633014,0.3269830050411114,2406,807,1031,401,167,1672,0.5369996738907973,0.23779884188936926
281668658,2,1.074459,0.9779943660177395,1.1969596850843853,0.34349828502432683,2420,811,999,389,221,1657,0.5342255938215079,0.23494960744046361
281668658,2,1.074459,1.0910089276042827,1.1814773542381807,0.3286833827709817,2454,792,1065,398,199,1619,0.536371635626867,0.2318120073902857
281668658,2,1.074459,1.1512307412826035,1.1631292538185745,0.3296442426307998,2476,821,1043,403,209,1601,0.5387002685616804,0.23138285611814935
281668658,2,1.074459,0.9730381711893942,1.3100587210309176,0.31618561447746385,2439,833,1018,397,191,1640,0.5332138742360741,0.2370381751372843
281668658,2,1.074459,0.940525347626903,1.2365335383190066,0.3403832371169075,2423,843,999,364,217,1653,0.516257815049963,0.218201698106195
281668658,2,1.074459,1.1079347773099844,1.1738019881271298,0.33531289899839345,2451,752,1075,428,196,1620,0.545949272012161,0.22800189623940684
281668658,2,1.074459,1.0361029767438656,1.1969294270057702,0.32377671920311624,2506,834,1060,425,187,1571,0.5437792873183297,0.22732002619143526
281668658,2,1.074459,1.1056803092900136,1.2753125627847972,0.3328899545434526,2444,814,997,419,214,1630,0.5620519353883919,0.23744627924081324
281668658,2,1.074459,1.0726002291587713,1.1787100770277756,0.3436023692982433,2477,810,1065,401,201,1602,0.5567655647124714,0.2268070747275776
281668658,2,1.074459,1.0456598477554118,1.2375603142226266,0.3193368971987975,2467,834,994,410,229,1610,0.541836039815346,0.224928350983119
281668658,2,1.074459,1.0716939014397486,1.1465912113129288,0.3365469596310602,2426,803,1024,401,198,1653,0.5301320062494685,0.23056035764844174
281668658,2,1.074459,0.9709325110287966,1.360512936572231,0.323672414873774,2459,820,1020,391,228,1620,0.5184349044998521,0.2166559048367678
281668658,2,1.074459,1.0346570303556015,1.1084132523826644,0.34180932543665193,2456,749,1064,426,217,1623,0.5291404176858789,0.233373823666885
281668658,2,1.074459,1.0451330331487738,1.2431654662311595,0.335522125118441,2447,803,1023,418,203,1628,0.5411019463074145,0.22274788071618126
281668658,2,1.074459,0.9850692551166589,1.2042908889372483,0.341790580450786,2479,843,1059,396,181,1600,0.5386696506514144,0.2336638637785318
281668658,2,1.074459,1.085264977550329,1.2243279348196843,0.33798106586948723,2426,789,1040,397,200,1653,0.5388240168311174,0.22795845127683023
281668658,2,1.074459,1.0359824792526615,1.2603504451111982,0.3320569191938367,2402,777,1002,429,194,1677,0.5373009163239467,0.2375560371242572
281668658,2,1.074459,1.0805455481409316,1.2564301918585088,0.32654329323102066,2420,816,1007,386,211,1659,0.5486663146131859,0.2370572698053076
281668658,2,1.074459,1.0242636572719972,1.1350157661731795,0.34793145781445256,2465,845,1051,389,180,1611,0.5403147912533515,0.21774292134307363
281668658,2,1.074459,1.032552598044726,1.1746898484254937,0.33559052148362717,2459,833,1014,425,187,1616,0.5275577147414117,0.2253359482080994
281668658,2,1.074459,1.1060473010336003,1.1771806026554685,0.3317154343510983,2457,804,1033,403,217,1621,0.5635023895960191,0.23140519798940729
281668658,2,1.074459,0.9913149497862077,1.1982691868860678,0.3375491404684991,2464,809,1052,401,202,1614,0.5330805089974628,0.2245254338520141
281668658,2,1.074459,1.0746322055661448,1.2612885633324529,0.3423229332484527,2435,818,978,436,203,1643,0.5499724946099865,0.22792775989152345
281668658,2,1.074459,1.1804113856822462,1.276198305980977,0.35653257781735226,2447,744,1020,446,237,1632,0.5520515544108149,0.22598051172944542
281668658,2,1.074459,1.0878948091049927,1.264660992985333,0.3408812812082606,2457,825,1028,384,220,1622,0.5465612909964159,0.2237244733850258
281668658,2,1.074459,1.0562233335285387,1.121748670824507,0.3521740787637457,2448,775,1042,432,199,1627,0.5419184330387362,0.21192060740172536
281668658,2,1.074459,1.0191657441566861,1.2502217243164755,0.3348321715954112,2418,808,998,404,208,1657,0.5352610142517158,0.21775971641823452
281668658,2,1.074459,1.0456308407057222,1.2029090843216992,0.324633272312047,2373,850,964,368,191,1704,0.5520509089125624,0.23588083877769825
281668658,2,1.074459,1.0118927936486029,1.2916837302132829,0.32500753625459256,2431,802,998,403,228,1645,0.5560622190276483,0.22905906826005282
281668658,2,1.074459,1.112354662518596,1.2020852180266832,0.3501554971598444,2464,839,1010,385,230,1611,0.5419972231585146,0.21857471303711498
281668658,2,1.074459,1.072576870930627,1.1618639255509502,0.34231204726719505,2436,806,1001,411,218,1639,0.5475533641998566,0.2285759304657644
281668658,2,1.074459,1.0972983885442287,1.2103684129583712,0.33241141575359695,2448,792,1040,410,206,1631,0.5457443507273302,0.22013707170708652
281668658,2,1.074459,1.046812314362842,1.1446557795200876,0.3365187514390026,2553,857,1079,413,204,1521,0.5474270496404962,0.2131841143609497
281668658,2,1.074459,0.9848211383074948,1.1664227508818894,0.341346168058438,2470,833,1015,423,199,1606,0.535155018201835,0.23660010332914155
281668658,2,1.074459,0.8690473662216037,1.1761584549686825,0.3216309784397092,2480,793,1052,430,205,1598,0.5053300648409512,0.22458338190330532
281668658,2,1.074459,0.9947159344683469,1.2070263064180287,0.3220826308520294,2418,840,974,387,217,1660,0.5390800996557706,0.22897589778423483
281668658,2,1.074459,1.1174453457128344,1.25856922244572,0.32895277828551167,2433,853,975,411,194,1642,0.5353561923134793,0.23291642730996312
281668658,2,1.074459,1.0536903941394318,1.217496756482294,0.32872615863146626,2425,794,1024,390,217,1651,0.5244530552575973,0.23394840655139504
281668658,2,1.074459,1.0101323335625003,1.279772494322255,0.3405003004794908,2469,826,1008,426,209,1609,0.5318121737587439,0.2258442345426214
281668658,2,1.074459,1.0891358198213534,1.1796988232928747,0.3279668020546302,2413,820,988,394,211,1661,0.53838141211986,0.22769466704207236
281668658,2,1.074459,0.9856531385900053,1.1822542811629775,0.32551671673074195,2390,810,979,403,198,1689,0.5261379727227001,0.22558238603774633
281668658,2,1.074459,0.9508180901635079,1.1598644365480513,0.3524347745179996,2362,778,974,407,203,1715,0.5253754686889062,0.22881319616640147
281668658,2,1.074459,1.112865172007862,1.1335984854665948,0.3306581957804781,2443,801,1030,405,207,1628,0.553550245291926,0.22755577775881577
281668658,2,1.074459,1.0576394553065074,1.2370112089132295,0.33966731286253254,2470,831,1016,424,199,1609,0.5314055960904487,0.22793611486213258
281668658,2,1.074459,0.9859607636165331,1.3667418517498995,0.33778901475585255,2401,767,1055,383,196,1674,0.5298393621634351,0.21929015383157507
281668658,2,1.074459,1.2330166947030399,1.1762979780893972,0.33172507779559074,2417,794,1031,386,206,1662,0.5705964961999981,0.2269057626721623
281668658,2,1.074459,1.108167022292269,1.1092327405816536,0.34114501474819175,2397,771,1006,402,218,1682,0.5437451870274115,0.22561228141602618
281668658,2,1.074459,0.9787244637702983,1.1343042494133104,0.33984236894500464,2464,811,1020,426,207,1606,0.545643827672157,0.22607457788282043
281668658,2,1.074459,1.1122513900588915,1.2322901635377888,0.33644010729672086,2422,786,1011,420,205,1656,0.5489707356191535,0.22404438634614685
281668658,3,0.644675,0.6174882866378548,0.9566198187155444,0.3163261372921668,2471,768,1067,420,216,1606,0.0017151299791997993,0.000847515132766077
281668658,3,0.644675,0.6300038571698663,1.02863940731087,0.31338921498637634,2486,825,1026,395,240,1592,0.32021667615530797,0.15228327674068753
281668658,3,0.644675,0.6150290759297973,0.9551395185869532,0.3126026634194128,2459,813,1046,401,199,1620,0.3124395462261544,0.1629556424349766
281668658,3,0.644675,0.6395539233537333,0.9900681063425458,0.30495378770912424,2481,839,1055,373,214,1596,0.3257721035468243,0.1629249065849722
281668658,3,0.644675,0.6103060526400446,1.0705034778330538,0.3157068206468935,2436,752,1073,425,186,1640,0.32101169463580564,0.1668895196662697
281668658,3,0.644675,0.6540228017039975,0.9158652498909271,0.3098775340542918,2455,815,1031,406,203,1623,0.3204949387306815,0.15740957626215826
281668658,3,0.644675,0.6334190037187133,1.0097490832519747,0.31339277462018017,2426,813,1024,371,218,1653,0.318984380252919,0.1676081845499581
281668658,3,0.644675,0.6469908049218815,0.9948898094657388,0.3085903938522153,2468,796,1006,421,245,1611,0.31944075003955574,0.16062253157267012
281668658,3,0.644675,0.6099090479337201,1.0386315586469392,0.3171089855893238,2458,792,992,446,228,1621,0.3097415079563651,0.15940917816435468
281668658,3,0.644675,0.6780618328900273,1.010593266430545,0.31780701463043887,2396,774,1038,386,198,1682,0.3422827698278401,0.1693015507177309
281668658,3,0.644675,0.5969987971991398,1.1292550287632457,0.31904383664092245,2506,832,1051,412,211,1572,0.31795297824568247,0.17103464641380847
281668658,3,0.644675,0.6354445784998569,1.0567614929439475,0.3213866227532937,2395,786,985,439,185,1684,0.3179269494694194,0.17136358166746574
281668658,3,0.644675,0.6028545211026182,0.9937518604062807,0.3159610835830212,2453,833,1004,396,220,1625,0.309947258904658,0.16128442918091257
281668658,3,0.644675,0.6488412211107972,1.0548394502535747,0.313835148077642,2421,817,1019,392,193,1658,0.3262413008403352,0.16935010623485752
281668658,3,0.644675,0.6199528180609526,1.0314984117265469,0.31933539936343347,2409,817,1002,366,224,1669,0.31958661928331666,0.16518337852544107
281668658,3,0.644675,0.6307005256995654,1.0425305215296181,0.30642676212881187,2448,826,1051,378,193,1630,0.3241588661965671,0.1645643521883901
281668658,3,0.644675,0.6305720505398766,1.0896573218884953,0.3142432490448297,2472,831,1030,415,196,1606,0.32123197687574,0.17399984667894655
281668658,3,0.644675,0.6161810753413182,1.0161103641445917,0.3110334120621603,2442,820,1023,400,199,1637,0.31742686595428565,0.16715854351241144
281668658,3,0.644675,0.6055059271537354,1.029895020670427,0.3157235958311322,2429,761,1043,425,200,1650,0.31824660234775287,0.17026959666749308
281668658,3,0.644675,0.6175945529914433,0.9492813794158672,0.3077554656747479,2413,817,995,401,200,1666,0.32246842680431365,0.1629573943042226
281668658,3,0.644675,0.5950402295132238,0.9495961565862088,0.3114153847851141,2457,816,1032,396,213,1620,0.31597179815529136,0.15584804499700416
281668658,3,0.644675,0.6436254423091402,1.0473816901192412,0.31265875730390685,2461,777,1034,443,207,1617,0.3218575029502244,0.15965760369653098
281668658,3,0.644675,0.6135692164512645,1.0083271526910518,0.312801442684539,2457,825,1038,401,193,1621,0.31552026794174476,0.16429567572576856
281668658,3,0.644675,0.6538020397026298,0.9976723596271615,0.3051767575888299,2464,817,1041,408,198,1614,0.3284960949288464,0.16129453574598443
281668658,3,0.644675,0.6243391277721176,1.0154988070439834,0.32397268626221104,2433,841,981,406,205,1646,0.3162588719868089,0.16493250038564383
281668658,3,0.644675,0.6476051929748512,0.9890535963219492,0.31439738921445437,2422,822,1023,395,182,1655,0.3316989509526766,0.1725384214033987
281668658,3,0.644675,0.6243005312578498,1.0160073210395044,0.310457277919023,2407,826,989,412,180,1672,0.3190303895031283,0.1659975022638528
281668658,3,0.644675,0.6385089523051677,1.0540518369231613,0.30693225724512974,2438,814,1045,384,195,1638,0.3260708862890458,0.16140981269436422
281668658,3,0.644675,0.6356035739486134,1.0493671686996011,0.31432793935250847,2436,827,970,438,201,1642,0.3205803501321759,0.16399177258035155
281668658,3,0.644675,0.6340901354128123,0.9590475922701344,0.3014921058285651,2482,837,1055,401,189,1596,0.3209093186752417,0.1528554787279009
281668658,3,0.644675,0.6206782058009026,1.0366540519436962,0.31892849582813954,2364,770,984,399,211,1714,0.3315136147093785,0.18050596315032258
281668658,3,0.644675,0.5939854249538286,1.004031686544583,0.3139483770189411,2438,758,1047,407,226,1640,0.3118775638479228,0.17300196939044524
281668658,3,0.644675,0.6308498070571228,0.9727255213279866,0.32346282238010715,2436,804,1018,388,226,1643,0.32061824694864993,0.16445574381302427
281668658,3,0.644675,0.5976368333485631,1.029306928162671,0.3230991197203492,2443,825,1021,398,199,1635,0.30955018167815285,0.16984977523561295
281668658,3,0.644675,0.6250305806219673,1.027210058156976,0.31136541394614736,2378,816,992,359,211,1700,0.33572350148983937,0.17309282113926636
281668658,3,0.644675,0.648665693493956,1.0407117544194069,0.31882058396572627,2441,813,1026,403,199,1637,0.3249678432601661,0.16267493141890682
281668658,3,0.644675,0.6469005070333536,0.9972818407279819,0.31131717761417815,2450,821,985,443,201,1629,0.3195811744395454,0.16814507655748628
281668658,3,0.644675,0.6386201935905758,1.0208769670808504,0.31584924918620205,2465,803,1050,411,201,1614,0.32262514356119926,0.16572180025954933
281668658,3,0.644675,0.6598004221509818,0.9243014591864679,0.3131416090661887,2460,826,987,438,209,1617,0.32324007504530416,0.16167783031264
281668658,3,0.644675,0.6148141292200447,1.016295550298999,0.3072337139304651,2443,835,982,434,192,1636,0.31098651683105805,0.1684767534972891
281668658,3,0.644675,0.605224182763897,0.9258865157519436,0.3076479303362563,2448,800,1023,411,214,1631,0.31897877671270475,0.1565220649038765
281668658,3,0.644675,0.6289164291298357,1.0170595297577383,0.3136538830305351,2441,779,1017,417,228,1637,0.32491182973500804,0.1693560727057541
281668658,3,0.644675,0.6483334360400211,1.0589081915216743,0.3061525483993369,2408,841,948,421,198,1670,0.3305887337948414,0.1702791173372798
281668658,3,0.644675,0.6615413727532695,1.001286076823532,0.3156196728963692,2464,834,1020,425,185,1615,0.3310367521372594,0.15996948058755495
281668658,3,0.644675,0.6189965054741469,1.0361262901016244,0.317212886053131,2451,807,1016,409,219,1628,0.32032180353668466,0.17424935120740384
281668658,3,0.644675,0.6610057615458188,0.9736485003816868,0.3162982061292611,2476,799,1073,391,213,1601,0.32059475043976043,0.15545545301986544
281668658,3,0.644675,0.6176559098111457,1.0234590015299652,0.30486196786070824,2397,793,1012,386,206,1682,0.32136686967267175,0.1694641309863588
281668658,3,0.644675,0.6404353892903014,1.0448008118884236,0.30894712027602667,2447,809,1024,395,219,1629,0.32536923815122937,0.16383722271889484
281668658,3,0.644675,0.6316781607109831,0.9910538979364046,0.3106790402234946,2409,791,1016,397,205,1670,0.3133302534881512,0.16033484163773992
281668658,3,0.644675,0.6745463040986635,1.0333595312985244,0.3093673670964763,2411,821,1018,388,184,1668,0.3201713418393011,0.164552191435086
281668658,3,0.644675,0.5950279853973452,1.024153795632455,0.3118843626363892,2438,789,1031,422,196,1641,0.3138055803135182,0.16310287444703922
281668658,3,0.644675,0.6395081437183329,0.995021613181722,0.3157669526091104,2436,792,1040,401,203,1640,0.32194799950758723,0.16272529594518975
281668658,3,0.644675,0.616550646425749,1.0631923095556841,0.3120301048452438,2461,819,1037,411,194,1616,0.3233856060716223,0.16201283223995153
281668658,3,0.644675,0.615038381689998,1.0115976586850894,0.3217891673553637,2436,808,1017,414,197,1643,0.3143138256982777,0.17019093203238891
281668658,3,0.644675,0.6887800894957656,1.008662299972209,0.3078764622772109,2455,826,1027,411,191,1622,0.32540436013314233,0.1591743024190753
281668658,3,0.644675,0.6272751405590844,0.9752653138814315,0.3065129877230901,2417,812,995,407,203,1662,0.3162954886161419,0.16049617844327094
281668658,3,0.644675,0.6504394330477123,1.0952007564880242,0.31408088875851137,2436,771,1012,427,226,1642,0.3291719582437366,0.1684397959571849
281668658,3,0.644675,0.6363654094163478,0.9980798492266791,0.31034441898706955,2435,788,1057,411,179,1643,0.33613015204345703,0.16978260611835908
281668658,3,0.644675,0.6439135995231957,1.0067924602684117,0.3185949400705796,2498,828,1041,423,206,1581,0.32008751107356137,0.16471878899909556
281668658,3,0.644675,0.635190356421847,1.0010838085174505,0.3126838196086448,2429,799,1024,438,168,1650,0.3198737529543072,0.1697354325687105
281668658,3,0.644675,0.6283439502169794,0.9890082649731956,0.3280652509220105,2438,808,998,436,196,1638,0.3169931235187578,0.1663068835210017
281668658,3,0.644675,0.6073936944831088,1.0319723283926956,0.3049068417180772,2418,748,1071,395,204,1661,0.31059805185610234,0.1625945369316175
281668658,3,0.644675,0.6514940106521303,1.0370906133426196,0.30673063329312866,2455,827,972,434,222,1623,0.3284746854888014,0.16478669612647165
281668658,3,0.644675,0.6167222817366507,1.0508318766878444,0.31135433993729994,2454,790,1056,436,172,1623,0.31742209119762715,0.15964899501176352
281668658,3,0.644675,0.6410707235670614,1.0492873097110011,0.30344446435617134,2468,855,1031,389,193,1611,0.3237247088513119,0.16834403295878317
281668658,3,0.644675,0.6213385281939668,0.9854142987618596,0.3136949247692967,2486,838,1034,417,197,1591,0.31683890122030606,0.16180686941385264
281668658,3,0.644675,0.6631448168489819,1.0275475338218643,0.32037615081493975,2415,839,968,406,202,1664,0.3268429958296159,0.16448748902950458
281668658,3,0.644675,0.6302328194658415,0.9961660535014407,0.307844901272793,2459,848,1005,405,201,1620,0.3098498054358172,0.16006254636257958
281668658,3,0.644675,0.6148847468576026,1.002846184031842,0.3089791771975868,2435,810,1021,387,217,1644,0.3194355351369509,0.16401980215269824
281668658,3,0.644675,0.6076970797044559,1.0748113456613977,0.3045882568536361,2427,818,975,432,202,1650,0.3117755654546417,0.16721612211520326
281668658,3,0.644675,0.6289840593053987,0.994196812376404,0.33083173593616927,2448,863,1008,375,202,1628,0.32330384221333536,0.16984950526692233
281668658,3,0.644675,0.6567715015668664,0.9929864349100032,0.2982929641601391,2414,821,971,419,203,1664,0.3301048168529171,0.171720174999255
281668658,3,0.644675,0.6601684856347996,0.9584289205152557,0.3109989192081344,2470,851,1027,393,199,1608,0.3254716360306211,0.1620915136883906
281668658,3,0.644675,0.6349759303514327,0.9781223476277575,0.3000387838342096,2411,791,1030,393,197,1668,0.30953070143513767,0.16142233700500258
281668658,3,0.644675,0.6253236277817235,0.997625414281806,0.30713411328819346,2400,802,1014,379,205,1678,0.3194079820130573,0.16930999770337646
281668658,3,0.644675,0.6766225242097055,0.9875305906637981,0.3154716011885789,2516,854,1005,439,218,1563,0.3296988443490475,0.1625740739835188
281668658,3,0.644675,0.6450770271905688,0.9539431586421576,0.31532913825564807,2480,820,1019,441,200,1599,0.3206779544295507,0.15555193069858633
281668658,3,0.644675,0.646880528425852,1.002555888500693,0.3119088108702679,2449,811,989,443,206,1630,0.3275860379504508,0.16181611429438506
281668658,3,0.644675,0.6577449416058665,0.9564071664708336,0.3132833909863306,2529,854,1050,411,214,1550,0.31817749663574413,0.15697072207764698
281668658,3,0.644675,0.6491820488332826,0.9431542514136185,0.30977259458782913,2510,780,1093,421,216,1566,0.3191558783857255,0.15955267309646118
281668658,3,0.644675,0.6648773624613458,0.9943282485844795,0.3179195516579482,2541,903,1024,412,202,1538,0.3196061743118741,0.15118707730595576
281668658,3,0.644675,0.6165741945241026,0.9441866884533565,0.3230633507739932,2453,769,1023,448,213,1626,0.32152572119282463,0.16216622888389584
281668658,3,0.644675,0.6635357450889571,0.9710734856577908,0.3108705828737233,2447,826,998,408,215,1631,0.3335533059484703,0.16362277933334254
281668658,3,0.644675,0.6233614804049782,1.0313503597145592,0.3175243169160228,2504,842,1023,396,243,1574,0.32108329127385876,0.1628105042245852
281668658,3,0.644675,0.6976060042308482,1.0793054556291306,0.30668412509670445,2472,851,1020,401,200,1604,0.3334396333347403,0.15922955142811424
281668658,3,0.644675,0.669798880561999,1.0002595874931306,0.31376716241866753,2369,795,971,401,202,1709,0.3338294503061088,0.17245319811862325
281668658,3,0.644675,0.5983537163238338,0.976486228626586,0.3201561660928623,2444,833,1012,394,205,1635,0.31104349178116997,0.16538881513678985
281668658,3,0.644675,0.6666252175826967,0.9633709987516845,0.30472149954793765,2522,813,1044,461,204,1556,0.3258356496424329,0.16065621821804857
281668658,3,0.644675,0.6154047402835607,0.9411555197329147,0.312319436685169,2402,779,1025,370,228,1672,0.3193623269926504,0.1710513697012127
281668658,3,0.644675,0.6351912024148771,0.9854991963370363,0.3074397753526616,2460,826,991,417,226,1618,0.31360426277332987,0.16786617268888268
281668658,3,0.644675,0.6535121745037222,0.9622332356797397,0.3120278763015566,2437,821,1025,391,200,1638,0.3249358270387326,0.16699598528229512
281668658,3,0.644675,0.6190423298725697,1.0240879454920184,0.3098379578852482,2458,817,1023,395,223,1620,0.3211756526867184,0.16695694593318522
281668658,3,0.644675,0.6143926388555929,0.9846558937893496,0.32040713774480367,2434,775,1032,425,202,1645,0.31749003499811096,0.1589912593300717
281668658,3,0.644675,0.6496089242161841,1.0076448869516414,0.31525587728753646,2491,843,1037,391,220,1588,0.33875914505490995,0.15645236193378562
281668658,3,0.644675,0.6652748474039278,1.0469064321376231,0.3129387597954392,2483,845,1052,374,212,1595,0.33359015551772836,0.16547853314877564
281668658,3,0.644675,0.6285882150427521,1.0194003021649267,0.3159710843050472,2450,772,1022,431,225,1629,0.3162410580544146,0.17030352467707507
281668658,3,0.644675,0.6843030746750037,0.9295929674850748,0.3059986975236371,2445,823,1045,371,206,1633,0.329006257195055,0.1658050811634867
281668658,3,0.644675,0.62789488157828,1.004386808989428,0.309698268457876,2474,853,1000,408,213,1604,0.31612521106978947,0.16647539831189967
281668658,3,0.644675,0.6306204386610831,0.9299585666754908,0.31710046333918807,2402,777,1027,406,192,1675,0.32493369987148424,0.1647333795851338
281668658,3,0.644675,0.637736012943572,0.9792724646258605,0.30594751391367153,2407,779,1003,423,202,1672,0.31741831163684425,0.16247524429147825
281668658,3,0.644675,0.601898360698248,1.0060116562871342,0.31036931798769035,2449,806,1022,404,217,1628,0.31265047544751223,0.15754839234893847
281668658,3,0.644675,0.6428113782422236,1.013583860449953,0.32437485898672996,2438,855,965,417,201,1640,0.324327674875697,0.16984477591160393
281668658,3,0.644675,0.614338052957414,1.0227335347595239,0.31338942338530756,2439,847,955,410,227,1640,0.3144377963969248,0.16529056286722535
281668658,3,0.644675,0.6161839169596167,0.9432548395794893,0.31036067858766403,2476,844,1019,397,216,1601,0.3135649704237505,0.15648687476312917
281668658,3,0.644675,0.6398235740607687,0.9675966085681508,0.3178024596325305,2411,823,964,428,196,1665,0.31439969372639537,0.16230219305375423
281668658,3,0.644675,0.639148241627821,1.0919476356231137,0.313673891071983,2437,857,964,409,207,1642,0.32881051317916116,0.16719305028673054
281668658,3,0.644675,0.625863239042871,1.0028640585839668,0.3025083321514156,2476,845,1032,413,186,1603,0.3226824553484234,0.16508240753393372
281668658,3,0.644675,0.6686746313252782,0.9457876979242783,0.32856792353150543,2438,801,1011,426,200,1639,0.330301977848787,0.15887253048279765
281668658,3,0.644675,0.6250891829079106,0.9884826154168016,0.30489687718239256,2432,810,1039,400,183,1646,0.31693899235809236,0.16065789725980792
281668658,3,0.644675,0.6621723326909531,1.0178816717243568,0.3043910049777555,2420,817,989,405,209,1658,0.3296296606230103,0.16996294637510972
281668658,3,0.644675,0.6569598857681044,1.0105008038633898,0.31488213572906953,2432,780,1024,421,207,1646,0.3239730281783031,0.1680331680180867
281668658,3,0.644675,0.6560821610581057,1.0553258115425412,0.31701174534206056,2497,796,1052,429,220,1581,0.3189349622539113,0.1679703180524967
281668658,3,0.644675,0.6180662710338051,0.9791854259781904,0.3160845223477149,2492,812,1066,398,216,1587,0.3304616926735394,0.16233022009530443
281668658,3,0.644675,0.5913912983622709,1.0413270297149437,0.31202911486155754,2439,854,964,405,216,1639,0.30682993317325225,0.17415006985120787
281668658,3,0.644675,0.6628445308131039,0.9590493264504284,0.3124582192333462,2464,779,1053,421,211,1615,0.3284002389196075,0.1707837418109939
281668658,3,0.644675,0.6420701088493322,0.9851288106850692,0.3092523169909495,2490,812,1023,429,226,1585,0.3262808176112519,0.16476029165972705
281668658,3,0.644675,0.6057700714845876,0.9353711001243785,0.3157869765617006,2470,846,1020,393,211,1607,0.31383487196965365,0.15969205933638914
281668658,3,0.644675,0.6064626317808354,0.990550407646103,0.3100453641551158,2461,800,1058,411,192,1618,0.3132840659701559,0.1584509078450491
281668658,3,0.644675,0.6194690505690946,0.9892335264020752,0.31753051221674644,2439,851,995,392,201,1636,0.316598743956888,0.15904580704091423
281668658,3,0.644675,0.6140164402706949,1.0028876427514821,0.31437488942873876,2446,820,1063,359,204,1632,0.31248725412637346,0.1598966842611889
281668658,3,0.644675,0.6474161090508421,0.956878467734779,0.3125269725247006,2413,793,957,450,213,1666,0.3233867133461915,0.16045577945049974
281668658,3,0.644675,0.6288888465243806,0.9936202291102758,0.31303190623663163,2410,810,1011,386,203,1668,0.32883954550676914,0.1693108768468161
281668658,3,0.644675,0.6610838798310731,1.0046028429388374,0.30699348419202127,2447,814,1021,400,212,1632,0.33517971622248743,0.16917426507478742
281668658,3,0.644675,0.6498891749957106,1.001489206864901,0.31465801319099423,2448,844,997,385,222,1631,0.3239675202799987,0.1663398402202293
281668658,3,0.644675,0.6588800373787407,1.0037007606841164,0.3199922683387773,2439,827,995,405,212,1639,0.3265720714551,0.17298441480032484
281668658,3,0.644675,0.658710649522957,1.0067643329954137,0.3288011000160956,2426,786,1061,398,181,1653,0.32952995962285553,0.15996893667254297
281668658,3,0.644675,0.614207306047918,0.9891879171164457,0.3119668858314461,2493,820,1031,415,227,1586,0.31633023571756985,0.1606322543768344
281668658,3,0.644675,0.6571350141938194,0.9209539120177946,0.3098368342026777,2406,782,986,420,218,1673,0.3153563262246936,0.16233040685390676
281668658,4,0.429783,0.5422447075570086,0.8635577388361678,0.2947274086363697,2454,832,1008,426,188,1625,0.0010446893189548605,0.0005417134028339792
281668658,4,0.429783,0.5520159151537114,0.9468523071876287,0.2988412852721083,2464,851,1025,391,197,1614,0.22183866499225963,0.11690698551988367
281668658,4,0.429783,0.5138963668841462,0.927473235446871,0.3000793939251647,2400,787,1008,400,205,1679,0.21112843351678884,0.12375957753324057
281668658,4,0.429783,0.5484764804232517,0.9488841538933087,0.30549831434603575,2466,852,1021,417,176,1612,0.22222331604412668,0.12019253425367885
281668658,4,0.429783,0.5333825929194606,0.9316866643023746,0.31053278696754427,2452,814,1003,417,218,1624,0.21614001334641508,0.11996570978305511
281668658,4,0.429783,0.520289113841391,0.9065206552268653,0.2894378861715105,2406,843,1000,371,192,1673,0.21113500305073016,0.12303059168028511
281668658,4,0.429783,0.5131716787481979,0.9284809032302699,0.3068832189274963,2435,843,991,391,210,1644,0.21093304199457377,0.11848986125531924
281668658,4,0.429783,0.5275792887781138,0.9016031834235986,0.2962411428654542,2411,781,1019,417,194,1667,0.21590851729247287,0.1177378530688936
281668658,4,0.429783,0.5402727158188868,0.8909686043147447,0.3055793223078721,2470,814,1018,447,191,1609,0.21238293022005933,0.11460163862276473
281668658,4,0.429783,0.5344856401849993,0.9352412861619941,0.3016647772096203,2470,835,1010,429,196,1609,0.21686864373815345,0.12018164788507622
281668658,4,0.429783,0.5366831000248539,0.9698844502866557,0.312516913192919,2467,818,1025,414,210,1610,0.21327757704203726,0.11582140483409842
281668658,4,0.429783,0.5341844067786582,0.9211728690172797,0.30734048456577884,2463,808,1034,416,205,1616,0.2130325235084587,0.11520753900458286
281668658,4,0.429783,0.5228787082862234,0.9323153950620666,0.3074862484655133,2494,792,1081,380,241,1585,0.21487915355333928,0.11537122831568068
281668658,4,0.429783,0.5144842358375374,0.8984801411450842,0.30740867362489627,2435,811,969,436,219,1644,0.21269193012226778,0.1164040679541776
281668658,4,0.429783,0.5190502427813286,0.9650654982716309,0.30857864940589813,2456,842,1035,397,182,1622,0.2137048042972625,0.11816519593490578
281668658,4,0.429783,0.5094000182798123,0.9903251179847924,0.30069109725830284,2473,812,1033,411,217,1605,0.2026344585538205,0.11595484330056036
281668658,4,0.429783,0.5337114378628187,0.9807636009989669,0.3113855530637683,2475,837,974,428,236,1604,0.21581317353193769,0.12232385486145461
281668658,4,0.429783,0.5252482953785435,0.927975238510292,0.3058311659289674,2467,825,1022,410,210,1612,0.2157549958885535,0.11932623351358614
281668658,4,0.429783,0.5458759694051993,0.9057854056191058,0.30049031965476025,2470,848,1033,398,191,1608,0.21936117169321143,0.11628986195522555
281668658,4,0.429783,0.5253824497534001,0.9639850510491454,0.29174479612812454,2438,834,1013,386,205,1641,0.21229684771134033,0.11898174194906197
281668658,4,0.429783,0.5182156588885635,0.9027162628694843,0.3022684552708679,2450,765,1077,425,183,1629,0.20904430880515146,0.11278555053457215
281668658,4,0.429783,0.5442713299209183,0.9573844324809955,0.3093903379163285,2448,823,1019,407,199,1631,0.223564236945878,0.12441289250403853
281668658,4,0.429783,0.5301104883931537,0.8793360875081739,0.3070324385736421,2487,808,1063,430,186,1592,0.21727900932018313,0.11370196872322776
281668658,4,0.429783,0.550698964714574,0.9189339427758942,0.3021763164276389,2491,839,1043,401,208,1588,0.22576309806369516,0.12271484643511647
281668658,4,0.429783,0.5318119620822103,0.9369295647729354,0.31495680025892214,2437,826,985,424,202,1641,0.2153833901361317,0.12298401499327241
281668658,4,0.429783,0.5145088113736468,0.9670306359556939,0.3067974617306684,2480,805,1045,414,216,1599,0.21684281887219306,0.12031682776804867
281668658,4,0.429783,0.5156991328232181,0.884195074585523,0.31083370928177095,2464,811,1011,415,227,1615,0.21034600471067996,0.11673812628113969
281668658,4,0.429783,0.5355160210761885,0.9124367501719882,0.3040408397992822,2422,832,1020,384,186,1657,0.2152829478769573,0.11684247296555667
281668658,4,0.429783,0.5335488084356287,0.9378718770428396,0.30020397533209625,2426,802,1007,405,212,1651,0.21239924087652612,0.12212464178486628
281668658,4,0.429783,0.5329182236020207,0.9459758194561999,0.30064205514944414,2475,825,1024,425,201,1603,0.21582486707597714,0.11912605788044295
281668658,4,0.429783,0.5341412050733375,0.9240333166258327,0.31212119884643,2437,833,1025,387,192,1641,0.21925392074557168,0.12293554693691355
281668658,4,0.429783,0.5294610411321731,0.9125349055283597,0.3043788610383587,2515,835,1054,419,207,1561,0.21474608373027657,0.11350911460163901
281668658,4,0.429783,0.5386436781593973,0.985715617871239,0.3025921287701605,2393,798,995,382,218,1686,0.21231325907336338,0.12120054651659744
281668658,4,0.429783,0.529769188537054,0.9504761327149961,0.3051601687336512,2436,790,997,433,216,1642,0.21735382106146378,0.12044043581517513
281668658,4,0.429783,0.5101422754368264,0.9087226407702798,0.30686528455470535,2483,799,1091,381,212,1596,0.20720851007737462,0.11083613689845723
281668658,4,0.429783,0.5093621526201019,0.9065803852041855,0.31028715786679084,2464,839,1016,402,207,1615,0.21044961340682916,0.11159891716985208
281668658,4,0.429783,0.5326735535279472,0.9150922168499358,0.2951033070303177,2444,811,1012,419,202,1634,0.21414462135837417,0.11248367887962285
281668658,4,0.429783,0.5280519257214876,0.9391207646827058,0.30422881603128077,2475,822,994,434,225,1604,0.2171445906446602,0.11670197082727404
281668658,4,0.429783,0.5097241348567823,0.9436606233754421,0.3106401468422626,2468,801,1043,403,221,1610,0.20899049155840574,0.11673090569369615
281668658,4,0.429783,0.5157028025788601,0.8664550124769075,0.307796280643687,2517,827,1064,402,224,1560,0.20778449467058493,0.10476153730454331
281668658,4,0.429783,0.5371761611922881,0.9607507091478916,0.30017081609205853,2474,837,1018,413,206,1604,0.2175039316737704,0.11754948704920562
281668658,4,0.429783,0.5520343575108485,0.9836134447800791,0.3139273962177102,2449,783,1022,427,217,1629,0.2245286046562518,0.12061344171129268
281668658,4,0.429783,0.5130490660674801,0.9026873669038074,0.29971901210890584,2481,795,1063,398,225,1598,0.21425141717678645,0.11354570819590346
281668658,4,0.429783,0.5373331010173392,0.8814470808911303,0.29854200875193193,2427,810,991,428,198,1651,0.21571272780957398,0.12161775610662791
281668658,4,0.429783,0.5276939955131424,0.8631821815595677,0.3091554155874662,2407,809,1020,373,205,1672,0.21012724110874378,0.1142030215371599
281668658,4,0.429783,0.5191615441420501,0.9017389648766115,0.3018531396836671,2429,854,986,357,232,1650,0.2113461755936029,0.11803230053341646
281668658,4,0.429783,0.5338380106392779,0.8982477634667734,0.3148158735138504,2459,845,954,428,232,1619,0.21523405528580983,0.1159777741027684
281668658,4,0.429783,0.5355206021604051,0.9809745973713154,0.3099584824821428,2401,830,970,382,219,1678,0.2071477483641927,0.12241761787503934
281668658,4,0.429783,0.559872494240435,0.9167132393030845,0.3070845748108078,2429,786,1004,440,199,1650,0.21987460855102314,0.11872986693596917
281668658,4,0.429783,0.5367775843669983,0.8962075611120558,0.3084598391918272,2507,805,1085,418,199,1571,0.217602981928712,0.11904554099936557
281668658,4,0.429783,0.5185418805797151,0.9464849903641187,0.3135321190337822,2427,769,1046,426,186,1652,0.21042137679178397,0.1212159754206835
281668658,4,0.429783,0.5220023451261078,0.8943051615643619,0.30619170747646324,2482,836,1017,419,210,1597,0.2153709513168657,0.11687026957653596
281668658,4,0.429783,0.5247569502098077,1.0071132972594212,0.3034378130076339,2450,810,1020,404,216,1626,0.2158159272456536,0.12393175559148906
281668658,4,0.429783,0.5398834894653153,0.8883376110327107,0.293492099934632,2425,833,994,382,216,1654,0.21890330610205982,0.11929976224233427
281668658,4,0.429783,0.5348850877548132,0.93114008152174,0.3113094957937234,2441,798,1040,390,213,1638,0.21633310885427368,0.11522551401801666
281668658,4,0.429783,0.5249544733969203,0.95006578972362,0.29681284371015254,2477,819,1061,390,207,1602,0.21420186458442253,0.11568488224886007
281668658,4,0.429783,0.532221676460653,0.9466288961578277,0.3026797594695229,2417,799,1020,384,214,1662,0.21933607147046608,0.12431187739024134
281668658,4,0.429783,0.5361556498841065,0.9804052244460977,0.30470831661872744,2446,817,989,434,206,1632,0.2166145916293999,0.1225639610868427
281668658,4,0.429783,0.529713289315338,0.9373445369626232,0.30820323807367017,2473,744,1060,464,205,1606,0.21158075309195376,0.11899724443999059
281668658,4,0.429783,0.5370175428029356,0.9221411375151776,0.3018153971144808,2448,856,973,421,198,1630,0.21352842708503625,0.11605563336670861
281668658,4,0.429783,0.5111033901927127,0.9087862095331377,0.3017737724042187,2490,809,1057,425,199,1586,0.20658364968611737,0.11536418110408382
281668658,4,0.429783,0.5403232975388842,0.9134769065066505,0.3176868961087293,2404,787,981,424,212,1675,0.22292291838245762,0.11909040776837097
281668658,4,0.429783,0.532893291672091,0.8920144755153416,0.2999061979495729,2487,843,1025,401,218,1592,0.21617472718865333,0.11243607269558521
281668658,4,0.429783,0.5356497598682959,0.9777122618704128,0.30725617379301373,2434,839,999,385,211,1645,0.21409657343321534,0.12035473999198595
281668658,4,0.429783,0.532149502446037,0.9280407717217322,0.2991411440402124,2467,841,1051,382,193,1611,0.21596168865063942,0.1214783627551527
281668658,4,0.429783,0.5377928624348789,0.9132844172475607,0.30114489184251647,2459,830,1015,419,195,1620,0.21241780278843608,0.11844430728840478
281668658,4,0.429783,0.5373129312136848,0.9335170035337976,0.3076107889029346,2461,861,993,428,179,1618,0.2156317375134492,0.12063486830614052
281668658,4,0.429783,0.5455737465158939,0.9427802719716913,0.30814504057033676,2437,863,981,416,177,1641,0.21663346559298635,0.12647980450770083
281668658,4,0.429783,0.5424260954699341,0.9184694880438121,0.3033553228625234,2467,826,1020,426,195,1611,0.21939267279209151,0.1186539860707117
281668658,4,0.429783,0.5355593068593747,0.8973086807709679,0.3081110866099325,2451,799,1079,380,193,1627,0.2174387747800997,0.1150369544595369
281668658,4,0.429783,0.5161582576257993,0.9239521742533086,0.29164475124386124,2394,805,979,414,196,1685,0.21524944108958805,0.11775979238774532
281668658,4,0.429783,0.5327146690693102,0.918701783679679,0.30206386036361044,2461,797,1045,419,200,1618,0.21559867705822372,0.11672515316547107
281668658,4,0.429783,0.5262572013185646,0.9118639311474531,0.31123283057256973,2515,844,1018,433,220,1564,0.2131596055352977,0.11663472871184018
281668658,4,0.429783,0.5379934789031626,0.8660752707158739,0.30958526265365294,2437,790,1065,376,206,1641,0.21415514650507486,0.1133095198036254
281668658,4,0.429783,0.5321324883128961,0.9613492611375124,0.2989086799095107,2499,783,1055,432,229,1579,0.21453139324765821,0.12160853986479474
281668658,4,0.429783,0.5401125073651867,0.8694727053466096,0.2999828374162394,2405,819,981,410,195,1673,0.21791440629999217,0.12082663026101789
281668658,4,0.429783,0.5408538734411716,0.9267117308843188,0.29772187201871586,2438,814,1041,386,197,1641,0.21604694516411405,0.1202666398126655
281668658,4,0.429783,0.5116252408027457,0.9262984975960227,0.30689546256646183,2328,789,902,412,225,1751,0.2092864773247376,0.12224399981817236
281668658,4,0.429783,0.5153294500467256,0.8724417582680797,0.30707894426050397,2434,798,1052,389,195,1645,0.20966885909906516,0.11659787018547371
281668658,4,0.429783,0.5169940225027656,0.9317767692261284,0.3067366610224497,2465,820,991,442,212,1614,0.21037615105833501,0.11636085258656295
281668658,4,0.429783,0.560626784071308,0.9474927526585754,0.2931760070116953,2457,829,1014,410,204,1622,0.22189833355394584,0.12107274111608367
281668658,4,0.429783,0.5163714110683217,0.9435457021481519,0.29517756423861374,2384,778,1009,404,193,1695,0.21258717122247126,0.12389974762375912
281668658,4,0.429783,0.5268354347143513,0.9691030927869619,0.3102857327311396,2409,802,1014,375,218,1670,0.21894474354878526,0.12646141168890607
281668658,4,0.429783,0.5515392847046257,0.9247561519448061,0.3064931694716377,2533,856,1076,419,182,1546,0.21501020197475093,0.11225690305260289
281668658,4,0.429783,0.5256047357936613,0.9390700255317352,0.298003178794324,2416,829,995,398,194,1663,0.2124172760947159,0.11283238209058474
281668658,4,0.429783,0.5654741074026157,0.9476791073610756,0.3153174919996131,2439,763,1015,433,228,1640,0.22826444308933355,0.12033157619085263
281668658,4,0.429783,0.5285578808609762,0.9375867014695713,0.3043217970618847,2474,788,1040,429,217,1605,0.20748233804843755,0.11283557452035109
281668658,4,0.429783,0.5233827270384233,0.8892377060905086,0.3065491449623079,2410,794,1013,414,189,1667,0.2125899645686848,0.11689792098629377
281668658,4,0.429783,0.5448381744813802,0.9123262002392669,0.3037239907291034,2483,855,1023,410,195,1595,0.22213551734446252,0.11539859610030886
281668658,4,0.429783,0.5120215048097712,1.0001076064975039,0.3048336741812346,2464,836,1040,407,181,1615,0.2097839854520062,0.11823328052125841
281668658,4,0.429783,0.5330731038495538,0.955486339918868,0.29948054483920283,2434,790,1060,392,192,1644,0.21516398645144896,0.11825402436787365
281668658,4,0.429783,0.5155755450633448,0.9489433102682812,0.2997668153516203,2469,807,1001,463,198,1610,0.21854167057671856,0.12418824482359352
281668658,4,0.429783,0.545970982488392,0.9132697759076762,0.3031912806092716,2440,832,981,418,209,1638,0.22561196963199576,0.12302853975636996
281668658,4,0.429783,0.5211771815233712,0.9477672180571911,0.300810334370498,2466,836,1010,415,205,1611,0.208803519546753,0.11900415413247739
281668658,4,0.429783,0.5250159178196356,0.941022401971753,0.29810507659642627,2480,835,1015,441,189,1599,0.2140831499676305,0.11906610758751209
281668658,4,0.429783,0.5217575384584,0.8941586803230119,0.30013816096011403,2503,823,1083,406,191,1574,0.21367570840209626,0.10968122863063287
281668658,4,0.429783,0.5254772826630277,0.8956095109465192,0.30197398070192977,2460,815,1044,405,196,1618,0.20951947245485736,0.11693850749707951
281668658,4,0.429783,0.521249740001834,0.9079290401102744,0.2995291553963364,2445,798,1035,409,203,1634,0.21583282773805373,0.11633131651748199
281668658,4,0.429783,0.535270105825908,0.8952445479965387,0.29989066936628433,2433,811,972,421,229,1646,0.21548878319946257,0.11708460546249433
281668658,4,0.429783,0.5312791334803174,0.9571432617492414,0.299005933259045,2415,789,1022,413,191,1661,0.21970461306413583,0.1232243269971076
281668658,4,0.429783,0.5213919595902675,0.9090045079463864,0.3028804882303227,2470,788,1044,417,221,1609,0.2150483558363776,0.1182810350338119
281668658,4,0.429783,0.5410241949705211,0.9372170851706242,0.3134709600286081,2420,806,994,426,194,1659,0.217952669991627,0.12121465262604451
281668658,4,0.429783,0.5394673967696137,0.9192801718835557,0.3047114599322839,2397,818,970,404,205,1681,0.22399674945498618,0.11853657736089783
281668658,4,0.429783,0.5318258918222557,0.9550140197246336,0.2996369852254011,2445,807,1014,428,196,1634,0.21337526359092104,0.12158826410619214
281668658,4,0.429783,0.5268103047467734,0.9592767799397751,0.31729441598527824,2532,838,1059,431,204,1547,0.21286833391009194,0.1143375075504108
281668658,4,0.429783,0.5117469130143663,0.974073173560488,0.302655301116037,2437,794,1005,427,211,1642,0.2130439409893957,0.11944892027842555
281668658,4,0.429783,0.5034755201989349,0.9693167170890168,0.31121269584535394,2461,807,1025,437,192,1618,0.20784771762015153,0.12113566946968178
281668658,4,0.429783,0.5245662143767383,0.9065686627413312,0.30828058962489113,2439,810,1033,410,186,1639,0.2154578603826169,0.1158205505571292
281668658,4,0.429783,0.5599970309219828,0.9012268481534306,0.30434847796328196,2445,824,1009,407,205,1633,0.226927599587179,0.12237682940586629
281668658,4,0.429783,0.5404534340914164,0.9573639867908647,0.3049276573550758,2419,781,1030,414,194,1660,0.2151882192623111,0.12386863623541725
281668658,4,0.429783,0.5331192243402793,0.9370134541023772,0.3141423252463139,2438,801,1030,397,210,1640,0.21304652933901821,0.11648125924460306
281668658,4,0.429783,0.537842326256508,0.9375486591274244,0.3085617362197897,2460,810,960,471,219,1618,0.21685169889717418,0.12062474797906626
281668658,4,0.429783,0.5092022407417175,0.8759299905335857,0.3046952124990432,2455,810,1036,404,205,1624,0.2106064669422085,0.11727656202035733
281668658,4,0.429783,0.520648268398563,0.9390761598807622,0.3011053038197131,2413,805,977,421,210,1665,0.2117317832548028,0.1261450853461533
281668658,4,0.429783,0.5205375569989055,0.9826357770813725,0.29739698891716826,2426,802,1041,385,198,1653,0.2183034007258097,0.12282322129935587
281668658,4,0.429783,0.5212571543299871,0.8720243123005408,0.31764608004529776,2458,826,1002,416,214,1617,0.21746448309594518,0.11404213692126187
281668658,4,0.429783,0.5195428906871357,0.9330417955310882,0.3107602713548467,2399,825,964,406,204,1680,0.21423693819936362,0.12464948767951976
281668658,4,0.429783,0.5321161447079625,0.9769638592257994,0.3029678207562082,2471,822,1070,360,219,1608,0.21885404145417636,0.12834546344190007
281668658,4,0.429783,0.5219458391222003,0.9383289020999864,0.3069387606160953,2483,844,1058,376,205,1596,0.2138527370350552,0.11873434102493366
281668658,4,0.429783,0.5210944797873989,0.8983033206088091,0.30672166232462694,2531,895,1016,429,191,1547,0.21543947484367806,0.10891086671195452
281668658,4,0.429783,0.5342372282710425,0.967036060249991,0.2947447206206987,2396,824,998,389,185,1681,0.21474660152919547,0.11939062424886046
281668658,4,0.429783,0.5514170281294801,0.9427668956163734,0.30537854110335,2413,783,1010,403,217,1666,0.22198185157554662,0.12366836137723017
281668658,4,0.429783,0.5505212221627538,0.9395473241847861,0.3012486154558468,2476,797,1060,420,199,1603,0.22328676891668475,0.11794075585620345
281668658,4,0.429783,0.5515865327639574,0.936833772875923,0.2969886555376741,2425,814,1028,399,184,1653,0.2219487981332174,0.11955014514017692
281668658,4,0.429783,0.5077124216628476,0.9967337895481618,0.29900638334437646,2410,778,1008,420,204,1669,0.206934092603727,0.11652300154944999
281668658,4,0.429783,0.5211235328078061,0.9051817128573664,0.30715515913070945,2416,786,1004,426,200,1663,0.2098416136158279,0.11567266311879358
281668658,4,0.429783,0.5234063853290676,0.8968583773818796,0.3024892044093926,2414,812,983,397,222,1665,0.21910867762891584,0.12544900246817015
281668658,4,0.429783,0.5549543358025083,0.910769406072969,0.2931046179909715,2468,852,1052,380,184,1610,0.2224922756460925,0.11749836410257689
